Company,Ticker,,,,
Reliance Industries Ltd.,RELIANCE.NS,,,,
HDFC Bank Ltd.,HDFCBANK.NS,,,,
Tata Consultancy Services Ltd.,TCS.NS,,,,
Bharti Airtel Ltd.,BHARTIARTL.NS,,,,
ICICI Bank Ltd.,ICICIBANK.NS,,,,
State Bank of India,SBIN.NS,,,,
Infosys Ltd.,INFY.NS,,,,
Bajaj Finance Ltd.,BAJFINANCE.NS,,,,
Hindustan Unilever Ltd.,HINDUNILVR.NS,,,,
ITC Ltd.,ITC.NS,,,,
Life Insurance Corporation of India,LICI.NS,,,,
Larsen & Toubro Ltd.,LT.NS,,,,
Kotak Mahindra Bank Ltd.,KOTAKBANK.NS,,,,
Sun Pharmaceutical Industries Ltd.,SUNPHARMA.NS,,,,
HCL Technologies Ltd.,HCLTECH.NS,,,,
Maruti Suzuki India Ltd.,MARUTI.NS,,,,
NTPC Ltd.,NTPC.NS,,,,
UltraTech Cement Ltd.,ULTRACEMCO.NS,,,,
Axis Bank Ltd.,AXISBANK.NS,,,,
Mahindra & Mahindra Ltd.,M&M.NS,,,,
Bajaj Finserv Ltd.,BAJAJFINSV.NS,,,,
Oil and Natural Gas Corporation Ltd.,ONGC.NS,,,,
Hindustan Aeronautics Ltd.,HAL.NS,,,,
Power Grid Corporation of India Ltd.,POWERGRID.NS,,,,
Titan Company Ltd.,TITAN.NS,,,,
Adani Enterprises Ltd.,ADANIENT.NS,,,,
Avenue Supermarts Ltd.,DMART.NS,,,,
Wipro Ltd.,WIPRO.NS,,,,
Adani Ports & Special Economic Zone Ltd.,ADANIPORTS.NS,,,,
JSW Steel Ltd.,JSWSTEEL.NS,,,,
Coal India Ltd.,COALINDIA.NS,,,,
Asian Paints Ltd.,ASIANPAINT.NS,,,,
Tata Motors Ltd.,TATAMOTORS.NS,,,,
Nestle India Ltd.,NESTLEIND.NS,,,,
Bajaj Auto Ltd.,BAJAJ-AUTO.NS,,,,
Adani Power Ltd.,ADANIPOWER.NS,,,,
Bharat Electronics Ltd.,BEL.NS,,,,
Trent Ltd.,TRENT.NS,,,,
InterGlobe Aviation Ltd.,INDIGO.NS,,,,
Indian Oil Corporation Ltd.,IOC.NS,,,,
Varun Beverages Ltd.,VBL.NS,,,,
Hindustan Zinc Ltd.,HINDZINC.NS,,,,
Siemens Ltd.,SIEMENS.NS,,,,
Tata Steel Ltd.,TATASTEEL.NS,,,,
Grasim Industries Ltd.,GRASIM.NS,,,,
Indian Railway Finance Corporation Ltd.,IRFC.NS,,,,
DLF Ltd.,DLF.NS,,,,
Vedanta Ltd.,VEDL.NS,,,,
SBI Life Insurance Company Ltd.,SBILIFE.NS,,,,
HDFC Life Insurance Company Ltd.,HDFCLIFE.NS,,,,
Pidilite Industries Ltd.,PIDILITIND.NS,,,,
Adani Green Energy Ltd.,ADANIGREEN.NS,,,,
Divi's Laboratories Ltd.,DIVISLAB.NS,,,,
Eicher Motors Ltd.,EICHERMOT.NS,,,,
Jio Financial Services Ltd.,JIOFIN.NS,,,,
Hindalco Industries Ltd.,HINDALCO.NS,,,,
Power Finance Corporation Ltd.,PFC.NS,,,,
Ambuja Cements Ltd.,AMBUJACEM.NS,,,,
Tech Mahindra Ltd.,TECHM.NS,,,,
Bajaj Holdings & Investment Ltd.,BAJAJHLDNG.NS,,,,
Shriram Finance Ltd.,SHRIRAMFIN.NS,,,,
LTIMindtree Ltd.,LTIM.NS,,,,
Cholamandalam Investment & Finance Company Ltd.,CHOLAFIN.NS,,,,
Bharat Petroleum Corporation Ltd.,BPCL.NS,,,,
Bank of Baroda,BANKBARODA.NS,,,,
Britannia Industries Ltd.,BRITANNIA.NS,,,,
Godrej Consumer Products Ltd.,GODREJCP.NS,,,,
Tata Power Company Ltd.,TATAPOWER.NS,,,,
Macrotech Developers Ltd.,LODHA.NS,,,,
TVS Motor Company Ltd.,TVSMOTOR.NS,,,,
GAIL (India) Ltd.,GAIL.NS,,,,
Cipla Ltd.,CIPLA.NS,,,,
Indian Hotels Company Ltd.,INDHOTEL.NS,,,,
Torrent Pharmaceuticals Ltd.,TORNTPHARM.NS,,,,
Punjab National Bank,PNB.NS,,,,
Shree Cements Ltd.,SHREECEM.NS,,,,
Max Healthcare Institute Ltd.,MAXHEALTH.NS,,,,
ABB India Ltd.,ABB.NS,,,,
Tata Consumer Products Ltd.,TATACONSUM.NS,,,,
REC Ltd.,RECLTD.NS,,,,
United Spirits Ltd.,MCDOWELL-N.NS,,,,
Adani Energy Solutions Ltd.,ADANIENSOL.NS,,,,
Mazagon Dock Shipbuilders Ltd.,MAZDOCK.NS,,,,
Mankind Pharma Ltd.,MANKIND.NS,,,,
Solar Industries India Ltd.,SOLARINDS.NS,,,,
Apollo Hospitals Enterprise Ltd.,APOLLOHOSP.NS,,,,
Indus Towers Ltd.,INDUSTOWER.NS,,,,
Muthoot Finance Ltd.,MUTHOOTFIN.NS,,,,
Union Bank of India,UNIONBANK.NS,,,,
Dr. Reddy's Laboratories Ltd.,DRREDDY.NS,,,,
Havells India Ltd.,HAVELLS.NS,,,,
ICICI Lombard General Insurance Company Ltd.,ICICIGI.NS,,,,
Lupin Ltd.,LUPIN.NS,,,,
JSW Energy Ltd.,JSWENERGY.NS,,,,
CG Power and Industrial Solutions Ltd.,CGPOWER.NS,,,,
Marico Ltd.,MARICO.NS,,,,
Zydus Lifesciences Ltd.,ZYDUSLIFE.NS,,,,
Jindal Steel & Power Ltd.,JINDALSTEL.NS,,,,
GMR Airports Ltd.,GMRAIRPORT.NS,,,,
SRF Ltd.,SRF.NS,,,,
IDBI Bank Ltd.,IDBI.NS,,,,
Samvardhana Motherson International Ltd.,MOTHERSON.NS,,,,
HDFC Asset Management Company Ltd.,HDFCAMC.NS,,,,
NHPC Ltd.,NHPC.NS,,,,
Info Edge (India) Ltd.,NA,,,,
Canara Bank,CANBK.NS,,,,
Dabur India Ltd.,DABUR.NS,,,,
NTPC Green Energy Ltd.,NTPCGREEN.NS,,,,
SBI Cards and Payment Services Ltd.,SBICARD.NS,,,,
Bosch Ltd.,BOSCHLTD.NS,,,,
ICICI Prudential Life Insurance Company Ltd.,ICICIPRULI.NS,,,,
Dixon Technologies (India) Ltd.,DIXON.NS,,,,
Cummins India Ltd.,CUMMINSIND.NS,,,,
Torrent Power Ltd.,TORNTPOWER.NS,,,,
Swiggy Ltd.,SWIGGY.NS,,,,
Hindustan Petroleum Corporation Ltd.,HINDPETRO.NS,,,,
Polycab India Ltd.,POLYCAB.NS,,,,
Suzlon Energy Ltd.,SUZLON.NS,,,,
BSE Ltd.,BSE.NS,,,,
Bharat Heavy Electricals Ltd.,BHEL.NS,,,,
Indian Bank,INDIANB.NS,,,,
Bharti Hexacom Ltd.,NA,,,,
Hero MotoCorp Ltd.,HEROMOTOCO.NS,,,,
Rail Vikas Nigam Ltd.,RVNL.NS,,,,
Persistent Systems Ltd.,PERSISTENT.NS,,,,
General Insurance Corporation of India,GICRE.NS,,,,
Indian Overseas Bank,IOB.NS,,,,
PB Fintech Ltd.,POLICYBZR.NS,,,,
Patanjali Foods Ltd.,PATANJALI.NS,,,,
Colgate-Palmolive (India) Ltd.,COLPAL.NS,,,,
Oracle Financial Services Software Ltd.,OFSS.NS,,,,
Adani Total Gas Ltd.,ATGL.NS,,,,
Lloyds Metals & Energy Ltd.,NA,,,,
JSW Infrastructure Ltd.,NA,,,,
Aurobindo Pharma Ltd.,AUROPHARMA.NS,,,,
Godrej Properties Ltd.,GODREJPROP.NS,,,,
Waaree Energies Ltd.,WAAREEENER.NS,,,,
Abbott India Ltd.,ABBOTINDIA.NS,,,,
Ashok Leyland Ltd.,ASHOKLEY.NS,,,,
Berger Paints (India) Ltd.,BERGEPAINT.NS,,,,
Coromandel International Ltd.,COROMANDEL.NS,,,,
Oil India Ltd.,OIL.NS,,,,
Alkem Laboratories Ltd.,ALKEM.NS,,,,
NMDC Ltd.,NMDC.NS,,,,
Indian Railway Catering & Tourism Corporation Ltd.,IRCTC.NS,,,,
Phoenix Mills Ltd.,PHOENIXLTD.NS,,,,
Vodafone Idea Ltd.,IDEA.NS,,,,
Oberoi Realty Ltd.,OBEROIRLTY.NS,,,,
Hitachi Energy India Ltd.,POWERINDIA.NS,,,,
YES Bank Ltd.,YESBANK.NS,,,,
IndusInd Bank Ltd.,INDUSINDBK.NS,,,,
United Breweries Ltd.,UBL.NS,,,,
One97 Communications Ltd.,PAYTM.NS,,,,
Tube Investments of India Ltd.,TIINDIA.NS,,,,
Sundaram Finance Ltd.,SUNDARMFIN.NS,,,,
UPL Ltd.,UPL.NS,,,,
Bank of India,BANKINDIA.NS,,,,
FSN E-Commerce Ventures Ltd.,NYKAA.NS,,,,
PI Industries Ltd.,PIIND.NS,,,,
Kalyan Jewellers India Ltd.,KALYANKJIL.NS,,,,
Linde India Ltd.,LINDEINDIA.NS,,,,
Aditya Birla Capital Ltd.,ABCAPITAL.NS,,,,
Bharat Forge Ltd.,BHARATFORG.NS,,,,
Bharat Dynamics Ltd.,BDL.NS,,,,
Fortis Healthcare Ltd.,FORTIS.NS,,,,
Schaeffler India Ltd.,SCHAEFFLER.NS,,,,
Vishal Mega Mart Ltd.,VMM.NS,,,,
Prestige Estates Projects Ltd.,PRESTIGE.NS,,,,
MRF Ltd.,MRF.NS,,,,
Federal Bank Ltd.,FEDERALBNK.NS,,,,
UNO Minda Ltd.,UNOMINDA.NS,,,,
Page Industries Ltd.,PAGEIND.NS,,,,
Steel Authority of India (SAIL) Ltd.,SAIL.NS,,,,
GlaxoSmithKline Pharmaceuticals Ltd.,GLAXO.NS,,,,
Balkrishna Industries Ltd.,BALKRISIND.NS,,,,
Tata Communications Ltd.,TATACOMM.NS,,,,
Jindal Stainless Ltd.,JSL.NS,,,,
Procter & Gamble Hygiene & Healthcare Ltd.,PGHH.NS,,,,
L&T Technology Services Ltd.,LTTS.NS,,,,
Jubilant Foodworks Ltd.,JUBLFOOD.NS,,,,
Coforge Ltd.,COFORGE.NS,,,,
Voltas Ltd.,VOLTAS.NS,,,,
Petronet LNG Ltd.,PETRONET.NS,,,,
IDFC First Bank Ltd.,IDFCFIRSTB.NS,,,,
Glenmark Pharmaceuticals Ltd.,GLENMARK.NS,,,,
MphasiS Ltd.,MPHASIS.NS,,,,
Thermax Ltd.,THERMAX.NS,,,,
Gujarat Fluorochemicals Ltd.,FLUOROCHEM.NS,,,,
APL Apollo Tubes Ltd.,APLAPOLLO.NS,,,,
Indian Renewable Energy Development Agency Ltd.,NA,,,,
Container Corporation of India Ltd.,CONCOR.NS,,,,
ITC Hotels Ltd.,NA,,,,
Supreme Industries Ltd.,SUPREMEIND.NS,,,,
Blue Star Ltd.,BLUESTARCO.NS,,,,
AU Small Finance Bank Ltd.,AUBANK.NS,,,,
Housing and Urban Development Corporation Ltd.,HUDCO.NS,,,,
The Fertilisers and Chemicals Travancore Ltd.,FACT.NS,,,,
Max Financial Services Ltd.,MFSL.NS,,,,
Hexaware Technologies Ltd.,HEXT.NS,,,,
Premier Energies Ltd.,PREMIERENE.NS,,,,
Biocon Ltd.,BIOCON.NS,,,,
L&T Finance Ltd.,LTF.NS,,,,
JK Cement Ltd.,JKCEMENT.NS,,,,
UCO Bank,UCOBANK.NS,,,,
ACC Ltd.,ACC.NS,,,,
Cochin Shipyard Ltd.,COCHINSHIP.NS,,,,
Godrej Industries Ltd.,GODREJIND.NS,,,,
SJVN Ltd.,SJVN.NS,,,,
Astral Ltd.,ASTRAL.NS,,,,
GE Vernova T&D India Ltd.,GVT&D.NS,,,,
Bank of Maharashtra,MAHABANK.NS,,,,
Nippon Life India Asset Management Ltd.,NAM-INDIA.NS,,,,
Motilal Oswal Financial Services Ltd.,MOTILALOFS.NS,,,,
Ipca Laboratories Ltd.,IPCALAB.NS,,,,
Escorts Kubota Ltd.,ESCORTS.NS,,,,
Godfrey Phillips India Ltd.,GODFRYPHLP.NS,,,,
Dalmia Bharat Ltd.,DALBHARAT.NS,,,,
Adani Wilmar Ltd.,AWL.NS,,,,
Narayana Hrudayalaya Ltd.,NH.NS,,,,
360 One Wam Ltd.,360ONE.NS,,,,
Global Health Ltd.,MEDANTA.NS,,,,
NLC India Ltd.,NLCINDIA.NS,,,,
Central Bank of India,CENTRALBK.NS,,,,
KPR Mill Ltd.,KPRMILL.NS,,,,
Mahindra & Mahindra Financial Services Ltd.,M&MFIN.NS,,,,
3M India Ltd.,3MINDIA.NS,,,,
Cholamandalam Financial Holdings Ltd.,CHOLAHLDG.NS,,,,
Aditya Birla Fashion and Retail Ltd.,ABFRL.NS,,,,
Tata Elxsi Ltd.,TATAELXSI.NS,,,,
Radico Khaitan Ltd.,RADICO.NS,,,,
Tata Investment Corporation Ltd.,TATAINVEST.NS,,,,
KPIT Technologies Ltd.,KPITTECH.NS,,,,
Ajanta Pharma Ltd.,AJANTPHARM.NS,,,,
Laurus Labs Ltd.,LAURUSLABS.NS,,,,
Exide Industries Ltd.,EXIDEIND.NS,,,,
LIC Housing Finance Ltd.,LICHSGFIN.NS,,,,
Crisil Ltd.,CRISIL.NS,,,,
Kaynes Technology India Ltd.,KAYNES.NS,,,,
AIA Engineering Ltd.,AIAENG.NS,,,,
Honeywell Automation India Ltd.,HONAUT.NS,,,,
Piramal Pharma Ltd.,PPLPHARMA.NS,,,,
Syngene International Ltd.,SYNGENE.NS,,,,
Metro Brands Ltd.,METROBRAND.NS,,,,
National Aluminium Company Ltd.,NATIONALUM.NS,,,,
JSW Holdings Ltd.,JSWHL.NS,,,,
Authum Investment & Infrastructure Ltd.,AUTHUM.NS,,,,
Sumitomo Chemical India Ltd.,SUMICHEM.NS,,,,
Indraprastha Gas Ltd.,IGL.NS,,,,
Suven Pharmaceuticals Ltd.,SUVENPHAR.NS,,,,
IRB Infrastructure Developers Ltd.,IRB.NS,,,,
Poonawalla Fincorp Ltd.,POONAWALLA.NS,,,,
Gujarat Gas Ltd.,GUJGASLTD.NS,,,,
Aegis Logistics Ltd.,AEGISCHEM.NS,,,,
Tata Technologies Ltd.,TATATECH.NS,,,,
Deepak Nitrite Ltd.,DEEPAKNTR.NS,,,,
Sona BLW Precision Forgings Ltd.,SONACOMS.NS,,,,
Gillette India Ltd.,GILLETTE.NS,,,,
Apollo Tyres Ltd.,APOLLOTYRE.NS,,,,
Emami Ltd.,EMAMILTD.NS,,,,
Endurance Technologies Ltd.,ENDURANCE.NS,,,,
Go Digit General Insurance Ltd.,GODIGIT.NS,,,,
Multi Commodity Exchange of India Ltd.,MCX.NS,,,,
The New India Assurance Company Ltd.,NIACL.NS,,,,
KEI Industries Ltd.,KEI.NS,,,,
Central Depository Services (India) Ltd.,CDSL.NS,,,,
Chambal Fertilisers & Chemicals Ltd.,CHAMBLFERT.NS,,,,
Sun TV Network Ltd.,SUNTV.NS,,,,
ZF Commercial Vehicle Control Systems India Ltd.,ZFCVINDIA.NS,,,,
PNB Housing Finance Ltd.,PNBHOUSING.NS,,,,
PG Electroplast Ltd.,PGEL.NS,,,,
Bandhan Bank Ltd.,BANDHANBNK.NS,,,,
Inventurus Knowledge Solutions Ltd.,NA,,,,
Gland Pharma Ltd.,GLAND.NS,,,,
Aster DM Healthcare Ltd.,ASTERDM.NS,,,,
Shyam Metalics and Energy Ltd.,SHYAMMETL.NS,,,,
J B Chemicals & Pharmaceuticals Ltd.,JBCHEPHARM.NS,,,,
Krishna Institute of Medical Sciences Ltd.,KIMS.NS,,,,
ITI Ltd.,ITI.NS,,,,
Mangalore Refinery And Petrochemicals Ltd.,MRPL.NS,,,,
Jyoti CNC Automation Ltd.,NA,,,,
Brigade Enterprises Ltd.,BRIGADE.NS,,,,
Ola Electric Mobility Ltd.,NA,,,,
EIH Ltd.,EIHOTEL.NS,,,,
Motherson Sumi Wiring India Ltd.,MSUMI.NS,,,,
Firstsource Solutions Ltd.,FSL.NS,,,,
NBCC (India) Ltd.,NBCC.NS,,,,
Amber Enterprises India Ltd.,AMBER.NS,,,,
The Ramco Cements Ltd.,RAMCOCEM.NS,,,,
Wockhardt Ltd.,WOCKPHARMA.NS,,,,
Piramal Enterprises Ltd.,PEL.NS,,,,
Bayer Cropscience Ltd.,BAYERCROP.NS,,,,
Himadri Speciality Chemical Ltd.,HSCL.NS,,,,
Affle (India) Ltd.,AFFLE.NS,,,,
Welspun Corp Ltd.,WELCORP.NS,,,,
Aditya Birla Real Estate Ltd.,NA,,,,
Crompton Greaves Consumer Electricals Ltd.,CROMPTON.NS,,,,
Dr. Lal Pathlabs Ltd.,LALPATHLAB.NS,,,,
Poly Medicure Ltd.,POLYMED.NS,,,,
Tata Chemicals Ltd.,TATACHEM.NS,,,,
PTC Industries Ltd.,PTCIL.NS,,,,
Angel One Ltd.,ANGELONE.NS,,,,
Apar Industries Ltd.,APARINDS.NS,,,,
Star Health and Allied Insurance Company Ltd.,STARHEALTH.NS,,,,
Nuvama Wealth Management Ltd.,NA,,,,
Five-Star Business Finance Ltd.,FIVESTAR.NS,,,,
Navin Fluorine International Ltd.,NAVINFLUOR.NS,,,,
Hatsun Agro Products Ltd.,HATSUN.NS,,,,
CESC Ltd.,CESC.NS,,,,
Castrol India Ltd.,CASTROLIND.NS,,,,
Inox Wind Ltd.,INOXWIND.NS,,,,
AstraZeneca Pharma India Ltd.,ASTRAZEN.NS,,,,
Hindustan Copper Ltd.,HINDCOPPER.NS,,,,
Manappuram Finance Ltd.,MANAPPURAM.NS,,,,
Aadhar Housing Finance Ltd.,NA,,,,
Kansai Nerolac Paints Ltd.,KANSAINER.NS,,,,
Delhivery Ltd.,DELHIVERY.NS,,,,
BASF India Ltd.,BASF.NS,,,,
Punjab & Sind Bank,PSB.NS,,,,
Sagility India Ltd.,NA,,,,
Carborundum Universal Ltd.,CARBORUNIV.NS,,,,
Aditya Birla Sun Life AMC Ltd.,ABSLAMC.NS,,,,
Garden Reach Shipbuilders & Engineers Ltd.,GRSE.NS,,,,
Emcure Pharmaceuticals Ltd.,NA,,,,
Timken India Ltd.,TIMKEN.NS,,,,
Brainbees Solutions Ltd.,NA,,,,
SKF India Ltd.,SKFINDIA.NS,,,,
Vedant Fashions Ltd.,MANYAVAR.NS,,,,
Sundram Fasteners Ltd.,SUNDRMFAST.NS,,,,
Pfizer Ltd.,PFIZER.NS,,,,
KEC International Ltd.,KEC.NS,,,,
Ratnamani Metals & Tubes Ltd.,RATNAMANI.NS,,,,
Computer Age Management Services Ltd.,CAMS.NS,,,,
Amara Raja Energy & Mobility Ltd.,AMARAJABAT.NS,,,,
Chalet Hotels Ltd.,CHALET.NS,,,,
Eris Lifesciences Ltd.,ERIS.NS,,,,
KFIN Technologies Ltd.,KFINTECH.NS,,,,
Grindwell Norton Ltd.,GRINDWELL.NS,,,,
Devyani International Ltd.,DEVYANI.NS,,,,
Sarda Energy & Minerals Ltd.,SARDAEN.NS,,,,
Karur Vysya Bank Ltd.,KARURVYSYA.NS,,,,
Concord Biotech Ltd.,CONCORDBIO.NS,,,,
Alembic Pharmaceuticals Ltd.,ALEMBICLTD.NS,,,,
Jubilant Agri and Consumer Products Ltd.,JUBILANT.NS,,,,
OneSource Specialty Pharma Ltd.,ONESOURCE.NS,,,,
TVS Holdings Ltd.,TVSRL.NS,,,,
Bikaji Foods International Ltd.,BIKAJIFOOD.NS,,,,
Afcons Infrastructure Ltd.,AFCONS.NS,,,,
Redington Ltd.,REDINGTON.NS,,,,
Jindal Saw Ltd.,JINDALSAW.NS,,,,
Reliance Power Ltd.,RPOWER.NS,,,,
International Gemmological Institute (India) Ltd.,IGIFFL.NS,,,,
Triveni Turbine Ltd.,TRIVENI.NS,,,,
Gujarat State Petronet Ltd.,GSPL.NS,,,,
DCM Shriram Ltd.,DCMSHRIRAM.NS,,,,
Aavas Financiers Ltd.,AAVAS.NS,,,,
LMW Ltd.,LMW.NS,,,,
DOMS Industries Ltd.,DOMS.NS,,,,
Ventive Hospitality Ltd.,VENTURE.NS,,,,
PCBL Chemical Ltd.,PCBL.NS,,,,
CreditAccess Grameen Ltd.,CREDITACC.NS,,,,
Akzo Nobel India Ltd.,AKZOINDIA.NS,,,,
Indian Energy Exchange Ltd.,IEX.NS,,,,
Kalpataru Projects International Ltd.,KPIL.NS,,,,
BLS International Services Ltd.,BLS.NS,,,,
Atul Ltd.,ATUL.NS,,,,
Signatureglobal (India) Ltd.,SIGNATURE.NS,,,,
Anant Raj Ltd.,ANANTRAJ.NS,,,,
Vinati Organics Ltd.,VINATIORGA.NS,,,,
Jupiter Wagons Ltd.,JWL.NS,,,,
Bata India Ltd.,BATAINDIA.NS,,,,
Century Plyboards (India) Ltd.,CENTURYPLY.NS,,,,
V-Guard Industries Ltd.,VGUARD.NS,,,,
Action Construction Equipment Ltd.,ACE.NS,,,,
Aptus Value Housing Finance India Ltd.,APTUS.NS,,,,
Schneider Electric Infrastructure Ltd.,SCHNEIDER.NS,,,,
Sai Life Science Ltd.,SAILIFE.NS,,,,
Asahi India Glass Ltd.,ASAHIINDIA.NS,,,,
Anand Rathi Wealth Ltd.,ANANDRATHI.NS,,,,
Transformers & Rectifiers (India) Ltd.,TARIL.NS,,,,
Zensar Technologies Ltd.,ZENSARTECH.NS,,,,
Tejas Networks Ltd.,TEJASNET.NS,,,,
CIE Automotive India Ltd.,CIEINDIA.NS,,,,
Jubilant Pharmova Ltd.,JUBLPHARMA.NS,,,,
Caplin Point Laboratories Ltd.,CAPLIPOINT.NS,,,,
Neuland Laboratories Ltd.,NEULANDLAB.NS,,,,
Ircon International Ltd.,IRCON.NS,,,,
IIFL Finance Ltd.,IIFL.NS,,,,
NAVA Ltd.,NA,,,,
Deepak Fertilisers & Petrochemicals Corporation Ltd.,DEEPAKFERT.NS,,,,
JBM Auto Ltd.,JBMA.NS,,,,
Rainbow Childrens Medicare Ltd.,RAINBOW.NS,,,,
Natco Pharma Ltd.,NATCOPHARM.NS,,,,
Godrej Agrovet Ltd.,GODREJAGRO.NS,,,,
Elgi Equipments Ltd.,ELGIEQUIP.NS,,,,
KIOCL Ltd.,KIOCL.NS,,,,
Blue Dart Express Ltd.,BLUEDART.NS,,,,
HBL Engineering Ltd.,NA,,,,
Sanofi India Ltd.,SANOFI.NS,,,,
Dr. Agarwals Health Care Ltd.,NA,,,,
EID Parry (India) Ltd.,EIDPARRY.NS,,,,
Vardhman Textiles Ltd.,VTL.NS,,,,
Niva Bupa Health Insurance Company Ltd.,NA,,,,
UTI Asset Management Company Ltd.,UTIAMC.NS,,,,
Aarti Industries Ltd.,AARTIIND.NS,,,,
Embassy Developments Ltd.,NA,,,,
Trident Ltd.,TRIDENT.NS,,,,
Capri Global Capital Ltd.,CGCL.NS,,,,
Kirloskar Brothers Ltd.,KIRLOSBROS.NS,,,,
Whirlpool of India Ltd.,WHIRLPOOL.NS,,,,
Godawari Power & Ispat Ltd.,GPIL.NS,,,,
Finolex Cables Ltd.,FINCABLES.NS,,,,
Indegene Ltd.,NA,,,,
Ramkrishna Forgings Ltd.,RKFORGE.NS,,,,
Mahanagar Gas Ltd.,MGL.NS,,,,
Swan Energy Ltd.,SWANENERGY.NS,,,,
Zen Technologies Ltd.,ZENTEC.NS,,,,
Newgen Software Technologies Ltd.,NEWGEN.NS,,,,
NCC Ltd.,NCC.NS,,,,
Great Eastern Shipping Company Ltd.,GESHIP.NS,,,,
Cyient Ltd.,CYIENT.NS,,,,
Kajaria Ceramics Ltd.,KAJARIACER.NS,,,,
Gravita India Ltd.,GRAVITA.NS,,,,
Fine Organic Industries Ltd.,FINEORG.NS,,,,
Clean Science & Technology Ltd.,CLEAN.NS,,,,
eClerx Services Ltd.,ECLERX.NS,,,,
Blue Jet Healthcare Ltd.,NA,,,,
IndiaMART InterMESH Ltd.,INDIAMART.NS,,,,
Minda Corporation Ltd.,MINDACORP.NS,,,,
Bombay Burmah Trading Corporation Ltd.,BBTC.NS,,,,
BEML Ltd.,BEML.NS,,,,
Alivus Life Sciences Ltd.,NA,,,,
LT Foods Ltd.,DAAWAT.NS,,,,
Jyothy Labs Ltd.,JYOTHYLAB.NS,,,,
Maharashtra Scooters Ltd.,MAHSCOOTER.NS,,,,
TBO Tek Ltd.,NA,,,,
Jai Balaji Industries Ltd.,JAIBALAJI.NS,,,,
City Union Bank Ltd.,CUB.NS,,,,
Sobha Ltd.,SOBHA.NS,,,,
KSB Ltd.,KSB.NS,,,,
Welspun Living Ltd.,WELSPUNLIV.NS,,,,
Cello World Ltd.,NA,,,,
Force Motors Ltd.,FORCEMOT.NS,,,,
IFCI Ltd.,IFCI.NS,,,,
ACME Solar Holdings Ltd.,NA,,,,
Ceat Ltd.,CEATLTD.NS,,,,
HFCL Ltd.,HFCL.NS,,,,
Techno Electric & Engineering Company Ltd.,TECHNOE.NS,,,,
Shakti Pumps (India) Ltd.,SHAKTIPUMP.NS,,,,
Tata Teleservices (Maharashtra) Ltd.,TTML.NS,,,,
Nuvoco Vistas Corporation Ltd.,NUVOCO.NS,,,,
Supreme Petrochem Ltd.,SUPPETRO.NS,,,,
Balrampur Chini Mills Ltd.,BALRAMCHIN.NS,,,,
Granules India Ltd.,GRANULES.NS,,,,
Sanofi Consumer Healthcare India Ltd.,NA,,,,
Finolex Industries Ltd.,FINPIPE.NS,,,,
Ingersoll-Rand (India) Ltd.,INGERRAND.NS,,,,
Craftsman Automation Ltd.,CRAFTSMAN.NS,,,,
Inox Wind Energy Ltd.,IWEL.NS,,,,
Aether Industries Ltd.,AETHER.NS,,,,
Lemon Tree Hotels Ltd.,LEMONTREE.NS,,,,
Zydus Wellness Ltd.,ZYDUSWELL.NS,,,,
Rites Ltd.,RITES.NS,,,,
RBL Bank Ltd.,RBLBANK.NS,,,,
Titagarh Rail Systems Ltd.,TITAGARH.NS,,,,
Westlife Foodworld Ltd.,WESTLIFE.NS,,,,
Jammu & Kashmir Bank Ltd.,J&KBANK.NS,,,,
Kirloskar Oil Engines Ltd.,KIRLOSENG.NS,,,,
R R Kabel Ltd.,RRKABEL,,,,
Relaxo Footwears Ltd.,RELAXO.NS,,,,
Gallantt Ispat Ltd.,GALLANTT.NS,,,,
Choice International Ltd.,CHOICEIN.NS,,,,
Jupiter Life Line Hospitals Ltd.,JUPITER.NS,,,,
Birlasoft Ltd.,BSOFT.NS,,,,
NMDC Steel Ltd.,NA,,,,
Jubilant Ingrevia Ltd.,JUBLINGREA.NS,,,,
Jaiprakash Power Ventures Ltd.,JPPOWER.NS,,,,
SBFC Finance Ltd.,SBFC.NS,,,,
G R Infraprojects Ltd.,GRINFRA.NS,,,,
Zee Entertainment Enterprises Ltd.,ZEEL.NS,,,,
RHI Magnesita India Ltd.,RHIM.NS,,,,
Reliance Infrastructure Ltd.,RELINFRA.NS,,,,
Raymond Ltd.,RAYMOND.NS,,,,
Usha Martin Ltd.,USHAMART.NS,,,,
Eureka Forbes Ltd.,NA,,,,
Avanti Feeds Ltd.,AVANTIFEED.NS,,,,
Elecon Engineering Company Ltd.,ELECON.NS,,,,
Vijaya Diagnostic Centre Ltd.,VIJAYA.NS,,,,
Paradeep Phosphates Ltd.,PARADEEP.NS,,,,
Quess Corp Ltd.,QUESS.NS,,,,
Saregama India Ltd.,SAREGAMA.NS,,,,
ITD Cementation India Ltd.,ITDCEM.NS,,,,
Railtel Corporation of India Ltd.,RAILTEL.NS,,,,
C.E. Info Systems Ltd.,MAPMYINDIA.NS,,,,
Sapphire Foods India Ltd.,SAPPHIRE.NS,,,,
Tega Industries Ltd.,TEGA.NS,,,,
Data Patterns (India) Ltd.,DATAPATTNS.NS,,,,
Ami Organics Ltd.,AMIORG.NS,,,,
Graphite India Ltd.,GRAPHITE.NS,,,,
Safari Industries (India) Ltd.,SAFARI.NS,,,,
Praj Industries Ltd.,PRAJIND.NS,,,,
Intellect Design Arena Ltd.,INTELLECT.NS,,,,
Maharashtra Seamless Ltd.,MAHSEAMLES.NS,,,,
Marksans Pharma Ltd.,MARKSANS.NS,,,,
Olectra Greentech Ltd.,OLECTRA.NS,,,,
JK Lakshmi Cement Ltd.,JKLAKSHMI.NS,,,,
Mrs. Bectors Food Specialities Ltd.,BECTORFOOD.NS,,,,
Sammaan Capital Ltd.,NA,,,,
HEG Ltd.,HEG.NS,,,,
Engineers India Ltd.,ENGINERSIN.NS,,,,
Valor Estate Ltd.,NA,,,,
JM Financial Ltd.,JMFINANCIL.NS,,,,
Home First Finance Company India Ltd.,HOMEFIRST.NS,,,,
Chennai Petroleum Corporation Ltd.,CHENNPETRO.NS,,,,
Time Technoplast Ltd.,TIMETECHNO.NS,,,,
Sonata Software Ltd.,SONATSOFTW.NS,,,,
Happiest Minds Technologies Ltd.,HAPPSTMNDS.NS,,,,
Inox India Ltd.,NA,,,,
Star Cement Ltd.,STARCEMENT.NS,,,,
Can Fin Homes Ltd.,CANFINHOME.NS,,,,
PVR INOX Ltd.,PVRINOX.NS,,,,
Vesuvius India Ltd.,VESUVIUS.NS,,,,
Medplus Health Services Ltd.,MEDPLUS.NS,,,,
Alkyl Amines Chemicals Ltd.,ALKYLAMINE.NS,,,,
Prudent Corporate Advisory Services Ltd.,PRUDENT.NS,,,,
Gujarat Mineral Development Corporation Ltd.,GMDCLTD.NS,,,,
Procter & Gamble Health Ltd.,PGHL.NS,,,,
Allied Blenders & Distillers Ltd.,NA,,,,
India Shelter Finance Corporation Ltd.,NA,,,,
Va Tech Wabag Ltd.,WABAG.NS,,,,
India Cements Ltd.,INDIACEM.NS,,,,
TTK Prestige Ltd.,TTKPRESTIG.NS,,,,
PC Jeweller Ltd.,PCJEWELLER.NS,,,,
Genus Power Infrastructures Ltd.,GENUSPOWER.NS,,,,
Ganesh Housing Corporation Ltd.,GANESHHOUC.NS,,,,
Netweb Technologies India Ltd.,NETWEB.NS,,,,
Birla Corporation Ltd.,BIRLACORPN.NS,,,,
Aurionpro Solutions Ltd.,AURIONPRO.NS,,,,
Azad Engineering Ltd.,NA,,,,
Power Mech Projects Ltd.,POWERMECH.NS,,,,
Anupam Rasayan India Ltd.,ANURAS.NS,,,,
Nazara Technologies Ltd.,NAZARA.NS,,,,
Garware Technical Fibres Ltd.,GARFIBRES.NS,,,,
Tips Music Ltd.,TIPSINDLTD.NS,,,,
Transport Corporation of India Ltd.,TCI.NS,,,,
Edelweiss Financial Services Ltd.,EDELWEISS.NS,,,,
Triveni Engineering & Industries Ltd.,TRIVENI.NS,,,,
ASK Automotive Ltd.,ASKAUTO.NS,,,,
GMR Power and Urban Infra Ltd.,GMRP&UI.NS,,,,
KPI Green Energy Ltd.,KPIGREEN.NS,,,,
Shriram Pistons & Rings Ltd.,SHRIPISTON.NS,,,,
Gabriel India Ltd.,GABRIEL.NS,,,,
Metropolis Healthcare Ltd.,METROPOLIS.NS,,,,
CarTrade Tech Ltd.,CARTRADE.NS,,,,
Sudarshan Chemical Industries Ltd.,SUDARSCHEM.NS,,,,
Syrma SGS Technology Ltd.,SYRMA.NS,,,,
ISGEC Heavy Engineering Ltd.,ISGEC.NS,,,,
Redtape Ltd.,NA,,,,
MMTC Ltd.,MMTC.NS,,,,
Shipping Corporation of India Ltd.,SCI.NS,,,,
Galaxy Surfactants Ltd.,GALAXYSURF.NS,,,,
JK Tyre & Industries Ltd.,JKTYRE.NS,,,,
Alok Industries Ltd.,ALOKINDS.NS,,,,
Honasa Consumer Ltd.,NA,,,,
Epigral Ltd.,NA,,,,
CMS Info Systems Ltd.,CMSINFO.NS,,,,
Kirloskar Pneumatic Company Ltd.,KIRLPNU.NS,,,,
Sheela Foam Ltd.,SFL.NS,,,,
Latent View Analytics Ltd.,LATENTVIEW.NS,,,,
Kaveri Seed Company Ltd.,KSCL.NS,,,,
Symphony Ltd.,SYMPHONY.NS,,,,
Healthcare Global Enterprises Ltd.,HCG.NS,,,,
Religare Enterprises Ltd.,RELIGARE.NS,,,,
Happy Forgings Ltd.,NA,,,,
CCL Products India Ltd.,CCL.NS,,,,
Zinka Logistics Solutions Ltd.,NA,,,,
Campus Activewear Ltd.,CAMPUS.NS,,,,
Gujarat Narmada Valley Fertilizers & Chemicals Ltd.,GNFC.NS,,,,
Orient Cement Ltd.,ORIENTCEM.NS,,,,
P N Gadgil Jewellers Ltd.,NA,,,,
Gujarat State Fertilizer & Chemicals Ltd.,GSFC.NS,,,,
Jindal Worldwide Ltd.,JINDWORLD.NS,,,,
Cera Sanitaryware Ltd.,CERA.NS,,,,
Ujjivan Small Finance Bank Ltd.,UJJIVANSFB.NS,,,,
Akums Drugs & Pharmaceuticals Ltd.,NA,,,,
Shaily Engineering Plastics Ltd.,SHAILY.NS,,,,
Sundaram Finance Holdings Ltd.,SUNDARMHLD.NS,,,,
Just Dial Ltd.,JUSTDIAL.NS,,,,
Ajax Engineering Ltd.,NA,,,,
Karnataka Bank Ltd.,KTKBANK.NS,,,,
PNC Infratech Ltd.,PNCINFRA.NS,,,,
Sandur Manganese & Iron Ores Ltd.,SANDUMA.NS,,,,
Voltamp Transformers Ltd.,VOLTAMP.NS,,,,
Dodla Dairy Ltd.,DODLA.NS,,,,
Privi Speciality Chemicals Ltd.,PRIVISCL.NS,,,,
HG Infra Engineering Ltd.,HGINFRA.NS,,,,
Rashtriya Chemicals & Fertilizers Ltd.,RCF.NS,,,,
Ion Exchange (India) Ltd.,IONEXCHANG.NS,,,,
Lloyds Engineering Works Ltd.,NA,,,,
Welspun Enterprises Ltd.,WELENT.NS,,,,
eMudhra Ltd.,EMUDHRA.NS,,,,
Chemplast Sanmar Ltd.,CHEMPLASTS.NS,,,,
Tamilnad Mercantile Bank Ltd.,TMB.NS,,,,
Sansera Engineering Ltd.,SANSERA.NS,,,,
Gujarat Pipavav Port Ltd.,GPPL.NS,,,,
Network18 Media & Investments Ltd.,NETWORK18.NS,,,,
Esab India Ltd.,ESABINDIA.NS,,,,
Balu Forge Industries Ltd.,NA,,,,
Dilip Buildcon Ltd.,DBL.NS,,,,
Nesco Ltd.,NESCO.NS,,,,
Keystone Realtors Ltd.,NA,,,,
Prism Johnson Ltd.,PRSMJOHNSN.NS,,,,
Borosil Renewables Ltd.,BORORENEW.NS,,,,
Mastek Ltd.,MASTEK.NS,,,,
FDC Ltd.,FDC.NS,,,,
Archean Chemical Industries Ltd.,NA,,,,
KRBL Ltd.,KRBL.NS,,,,
Max Estates Ltd.,NA,,,,
Astra Microwave Products Ltd.,ASTRAMICRO.NS,,,,
Equitas Small Finance Bank Ltd.,EQUITASBNK.NS,,,,
MOIL Ltd.,MOIL.NS,,,,
The Anup Engineering Ltd.,ANUP.NS,,,,
Varroc Engineering Ltd.,VARROC.NS,,,,
Lloyds Enterprises Ltd.,NA,,,,
Aarti Pharmalabs Ltd.,NA,,,,
Thomas Cook (India) Ltd.,THOMASCOOK.NS,,,,
KNR Constructions Ltd.,KNRCON.NS,,,,
Transrail Lighting Ltd.,NA,,,,
Garware Hi-Tech Films Ltd.,GARFIBRES.NS,,,,
V2 Retail Ltd.,V2RETAIL.NS,,,,
Black Box Ltd.,BBOX.NS,,,,
Bajaj Electricals Ltd.,BAJAJELEC.NS,,,,
V-Mart Retail Ltd.,VMART.NS,,,,
Thangamayil Jewellery Ltd.,THANGAMAYL.NS,,,,
South Indian Bank Ltd.,SOUTHBANK.NS,,,,
Hindustan Foods Ltd.,HNDFDS.NS,,,,
Shilpa Medicare Ltd.,SHILPAMED.NS,,,,
Raymond Lifestyle Ltd.,NA,,,,
Tanla Platforms Ltd.,TANLA.NS,,,,
TD Power Systems Ltd.,TDPOWERSYS.NS,,,,
Sterling and Wilson Renewable Energy Ltd.,SWSOLAR.NS,,,,
EPL Ltd.,EPL.NS,,,,
Ethos Ltd.,ETHOSLTD.NS,,,,
Mahindra Holidays & Resorts India Ltd.,MHRIL.NS,,,,
Gokaldas Exports Ltd.,GOKEX.NS,,,,
Electrosteel Castings Ltd.,ELECTCAST.NS,,,,
Manorama Industries Ltd.,MANORAMA.NS,,,,
Juniper Hotels Ltd.,NA,,,,
Route Mobile Ltd.,ROUTE.NS,,,,
HMT Ltd.,HMT.NS,,,,
Shree Renuka Sugars Ltd.,RENUKA.NS,,,,
Shoppers Stop Ltd.,SHOPERSTOP.NS,,,,
CSB Bank Ltd.,CSBBANK.NS,,,,
GHCL Ltd.,GHCL.NS,,,,
Greenlam Industries Ltd.,GREENLAM.NS,,,,
Strides Pharma Science Ltd.,STAR.NS,,,,
Dhanuka Agritech Ltd.,DHANUKA.NS,,,,
Supriya Lifescience Ltd.,SUPRIYA.NS,,,,
RattanIndia Enterprises Ltd.,RTNINDIA.NS,,,,
Rajesh Exports Ltd.,RAJESHEXPO.NS,,,,
PDS Ltd.,PDSL.NS,,,,
Puravankara Ltd.,PURVA.NS,,,,
Sunteck Realty Ltd.,SUNTECK.NS,,,,
Bansal Wire Industries Ltd.,NA,,,,
Man Infraconstruction Ltd.,MANINFRA.NS,,,,
Ahluwalia Contracts (India) Ltd.,AHLUCONT.NS,,,,
Aditya Vision Ltd.,NA,,,,
Protean eGov Technologies Ltd.,NA,,,,
Technocraft Industries (India) Ltd.,TIIL.NS,,,,
Surya Roshni Ltd.,SURYAROSNI.NS,,,,
LE Travenues Technology Ltd.,NA,,,,
Texmaco Rail & Engineering Ltd.,TEXRAIL.NS,,,,
Ashoka Buildcon Ltd.,ASHOKA.NS,,,,
JK Paper Ltd.,JKPAPER.NS,,,,
Gulf Oil Lubricants India Ltd.,GULFOILLUB.NS,,,,
Pricol Ltd.,PRICOLLTD.NS,,,,
Gujarat Ambuja Exports Ltd.,GAEL.NS,,,,
RattanIndia Power Ltd.,RTNPOWER.NS,,,,
Websol Energy Systems Ltd.,WEBELSOLAR.NS,,,,
TVS Supply Chain Solutions Ltd.,TVSSCS.NS,,,,
RateGain Travel Technologies Ltd.,RATEGAIN.NS,,,,
Arvind Fashions Ltd.,ARVINDFASN.NS,,,,
ICRA Ltd.,ICRA.NS,,,,
Refex Industries Ltd.,REFEX.NS,,,,
Responsive Industries Ltd.,RESPONIND.NS,,,,
Entero Healthcare Solutions Ltd.,NA,,,,
IFB Industries Ltd.,IFBIND.NS,,,,
Indo Count Industries Ltd.,ICIL.NS,,,,
J Kumar Infraprojects Ltd.,JKIL.NS,,,,
Suprajit Engineering Ltd.,SUPRAJIT.NS,,,,
NIIT Learning Systems Ltd.,NA,,,,
KRN Heat Exchanger and Refrigeration Ltd.,NA,,,,
Avalon Technologies Ltd.,AVALON.NS,,,,
Mishra Dhatu Nigam Ltd.,MIDHANI.NS,,,,
India Tourism Development Corporation Ltd.,ITDC.NS,,,,
Innova Captab Ltd.,NA,,,,
AGI Greenpac Ltd.,AGI.NS,,,,
Hikal Ltd.,HIKAL.NS,,,,
Diamond Power Infrastructure Ltd.,DIAMONDYD.NS,,,,
Senco Gold Ltd.,SENCO.NS,,,,
Pearl Global Industries Ltd.,PGIL.NS,,,,
PTC India Ltd.,PTC.NS,,,,
SIS Ltd.,SIS.NS,,,,
Johnson Controls-Hitachi Air Conditioning India Ltd.,JCHAC.NS,,,,
Unimech Aerospace and Manufacturing Ltd.,NA,,,,
Sky Gold and Diamonds Ltd.,NA,,,,
Banco Products (India) Ltd.,BANCOINDIA.NS,,,,
Laxmi Organic Industries Ltd.,LXCHEM.NS,,,,
Electronics Mart India Ltd.,EMIL.NS,,,,
Ujaas Energy Ltd.,UJAAS.NS,,,,
Sun Pharma Advanced Research Company Ltd.,SPARC.NS,,,,
Styrenix Performance Materials Ltd.,STYRENIX.NS,,,,
Hindustan Construction Company Ltd.,HCC.NS,,,,
Sharda Cropchem Ltd.,SHARDACROP.NS,,,,
Rain Industries Ltd.,RAIN.NS,,,,
Mahindra Lifespace Developers Ltd.,MAHLIFE.NS,,,,
GMM Pfaudler Ltd.,GMMPFAUDLR.NS,,,,
Infibeam Avenues Ltd.,INFIBEAM.NS,,,,
Unichem Laboratories Ltd.,UNICHEMLAB.NS,,,,
Sundaram-Clayton Ltd.,SUNCLAYLTD.NS,,,,
Mas Financial Services Ltd.,MASFIN.NS,,,,
Pilani Investment and Industries Corporation Ltd.,PILANIINVS.NS,,,,
Bannari Amman Sugars Ltd.,BANARISUG.NS,,,,
Gujarat Alkalies & Chemicals Ltd.,GUJALKALI.NS,,,,
Indigo Paints Ltd.,INDIGOPNTS.NS,,,,
Awfis Space Solutions Ltd,NA,,,,
Zaggle Prepaid Ocean Services Ltd.,ZAGGLE.NS,,,,
Tilaknagar Industries Ltd.,TI.NS,,,,
VST Industries Ltd.,VSTIND.NS,,,,
Swaraj Engines Ltd.,SWARAJENG.NS,,,,
Greaves Cotton Ltd.,GREAVESCOT.NS,,,,
Jana Small Finance Bank Ltd.,NA,,,,
Skipper Ltd.,SKIPPER.NS,,,,
Sunflag Iron & Steel Company Ltd.,SUNFLAG.NS,,,,
Ceigall India Ltd.,NA,,,,
TARC Ltd.,TARC.NS,,,,
Heidelberg Cement India Ltd.,HEIDELBERG.NS,,,,
Yatharth Hospital & Trauma Care Services Ltd.,YATHARTH.NS,,,,
Bharat Rasayan Ltd.,BHARATRAS.NS,,,,
Orient Electric Ltd.,ORIENTELEC.NS,,,,
VRL Logistics Ltd.,VRLLOG.NS,,,,
Easy Trip Planners Ltd.,EASEMYTRIP.NS,,,,
Inox Green Energy Services Ltd.,INOXGREEN.NS,,,,
Sharda Motor Industries Ltd.,SHARDAMOTR.NS,,,,
Wonderla Holidays Ltd.,WONDERLA,,,,
Rallis India Ltd.,RALLIS.NS,,,,
Neogen Chemicals Ltd.,NEOGEN.NS,,,,
Dynamatic Technologies Ltd.,DYNAMATECH.NS,,,,
Indostar Capital Finance Ltd.,INDOSTAR.NS,,,,
Restaurant Brands Asia Ltd.,RBA.NS,,,,
Lux Industries Ltd.,LUXIND.NS,,,,
MPS Ltd.,MPSLTD.NS,,,,
DB Corp Ltd.,DBCORP.NS,,,,
Vadilal Industries Ltd.,VADILALIND.NS,,,,
Kitex Garments Ltd.,KITEX.NS,,,,
Paras Defence and Space Technologies Ltd.,PARAS.NS,,,,
Borosil Ltd.,BOROLTD.NS,,,,
Ganesha Ecosphere Ltd.,GANECOS.NS,,,,
Artemis Medicare Services Ltd.,ARTEMISMED.NS,,,,
Balaji Amines Ltd.,BALAMINES.NS,,,,
MTAR Technologies Ltd.,MTARTECH.NS,,,,
Pitti Engineering Ltd.,PITTIENG.NS,,,,
Sterlite Technologies Ltd.,STLTECH.NS,,,,
E2E Networks Ltd.,E2E.NS,,,,
Imagicaaworld Entertainment Ltd.,IMAGICAA.NS,,,,
National Fertilizers Ltd.,NFL.NS,,,,
Jash Engineering Ltd.,JASH.NS,,,,
Orchid Pharma Ltd.,ORCHPHARMA.NS,,,,
LG Balakrishnan & Bros Ltd.,LGBBROSLTD.NS,,,,
VIP Industries Ltd.,VIPIND.NS,,,,
Subros Ltd.,SUBROS.NS,,,,
India Glycols Ltd.,INDIAGLYCO.NS,,,,
TCPL Packaging Ltd.,TCPLPACK.NS,,,,
Polyplex Corporation Ltd.,POLYPLEX.NS,,,,
Jain Irrigation Systems Ltd.,JISLJALEQS.NS,,,,
Go Fashion (India) Ltd.,GOCOLORS.NS,,,,
AXISCADES Technologies Ltd.,AXISCADES.NS,,,,
Enviro Infra Engineers Ltd.,NA,,,,
Kingfa Science & Technology (India) Ltd.,KINGFA.NS,,,,
Heritage Foods Ltd.,HERITGFOOD.NS,,,,
R Systems International Ltd.,RSYSTEMS.NS,,,,
Thyrocare Technologies Ltd.,THYROCARE.NS,,,,
DCB Bank Ltd.,DCBBANK.NS,,,,
Optiemus Infracom Ltd.,OPTIEMUS.NS,,,,
Bhagiradha Chemicals & Industries Ltd.,BHAGCHEM.NS,,,,
Lumax Auto Technologies Ltd.,LUMAXTECH.NS,,,,
Indraprastha Medical Corporation Ltd.,INDRAMEDCO.NS,,,,
Uflex Ltd.,UFLEX.NS,,,,
FIEM Industries Ltd.,FIEMIND.NS,,,,
Rolex Rings Ltd.,ROLEXRINGS.NS,,,,
RPG Life Sciences Ltd.,RPGLIFE.NS,,,,
Dhani Services Ltd.,DHANI.NS,,,,
Vaibhav Global Ltd.,VAIBHAVGBL.NS,,,,
Apollo Micro Systems Ltd.,APOLLO.NS,,,,
Datamatics Global Services Ltd.,DATAMATICS.NS,,,,
Ashapura Minechem Ltd.,ASHAPURMIN.NS,,,,
Shanthi Gears Ltd.,SHANTIGEAR.NS,,,,
Nalwa Sons Investments Ltd.,NSIL.NS,,,,
63 Moons Technologies Ltd.,63MOONS.NS,,,,
MSTC Ltd.,MSTCLTD.NS,,,,
Gokul Agro Resources Ltd.,GOKULAGRO.NS,,,,
EPACK Durables Ltd.,NA,,,,
EMS Ltd.,NA,,,,
Magellanic Cloud Ltd.,NA,,,,
KDDL Ltd.,KDDL.NS,,,,
D P Abhushan Ltd.,DPABHUSHAN.NS,,,,
Kirloskar Industries Ltd.,KIRLOSIND.NS,,,,
Hemisphere Properties India Ltd.,HEMIPROP.NS,,,,
Rossari Biotech Ltd.,ROSSARI.NS,,,,
Cyient DLM Ltd.,CYIENTDLM.NS,,,,
CARE Ratings Ltd.,CARERATING.NS,,,,
Share India Securities Ltd.,SHAREINDIA.NS,,,,
JTEKT India Ltd.,JTEKTINDIA.NS,,,,
Gopal Snacks Ltd.,NA,,,,
Patel Engineering Ltd.,PATELENG.NS,,,,
Harsha Engineers International Ltd.,HARSHA.NS,,,,
Siyaram Silk Mills Ltd.,SIYSIL.NS,,,,
Greenply Industries Ltd.,GREENPLY.NS,,,,
Sequent Scientific Ltd.,SEQUENT.NS,,,,
Ajmera Realty & Infra India Ltd.,AJMERA.NS,,,,
Cigniti Technologies Ltd.,CIGNITITEC.NS,,,,
Kiri Industries Ltd.,KIRIINDUS.NS,,,,
Sanathan Textiles Ltd.,NA,,,,
Medi Assist Healthcare Services Ltd.,NA,,,,
Kalyani Steels Ltd.,KSL.NS,,,,
Indian Metals & Ferro Alloys Ltd.,IMFA.NS,,,,
Gufic BioSciences Ltd.,GUFICBIO.NS,,,,
Goldiam International Ltd.,GOLDIAM.NS,,,,
Fedbank Financial Services Ltd.,NA,,,,
Dishman Carbogen Amcis Ltd.,DCAL.NS,,,,
Samhi Hotels Ltd.,NA,,,,
Balmer Lawrie & Company Ltd.,BALMLAWRIE.NS,,,,
Bharat Bijlee Ltd.,BBL.NS,,,,
Prabha Energy Ltd.,NA,,,,
Jayaswal Neco Industries Ltd.,JAYNECOIND.NS,,,,
VST Tillers Tractors Ltd.,VSTTILLERS.NS,,,,
Advanced Enzyme Technologies Ltd.,ADVENZYMES.NS,,,,
Navneet Education Ltd.,NAVNETEDUL.NS,,,,
Ramky Infrastructure Ltd.,RAMKY.NS,,,,
Prakash Industries Ltd.,PRAKASH.NS,,,,
Arvind SmartSpaces Ltd.,ARVSMART.NS,,,,
Apeejay Surrendra Park Hotels Ltd.,NA,,,,
Capacit'e Infraprojects Ltd.,CAPACITE.NS,,,,
Standard Glass Lining Technology Ltd.,NA,,,,
Dalmia Bharat Sugar and Industries Ltd.,DALMIASUG.NS,,,,
Steel Strips Wheels Ltd.,SSWL.NS,,,,
Globus Spirits Ltd.,GLOBUSSPR.NS,,,,
Aarti Drugs Ltd.,AARTIDRUGS.NS,,,,
Sundrop Brands Ltd.,NA,,,,
Paisalo Digital Ltd.,PAISALO.NS,,,,
Deep Industries Ltd.,DEEPINDS.NS,,,,
Jamna Auto Industries Ltd.,JAMNAAUTO.NS,,,,
Jindal Poly Films Ltd.,JINDALPOLY.NS,,,,
TeamLease Services Ltd.,TEAMLEASE.NS,,,,
JTL Industries Ltd.,JTLIND.NS,,,,
The Orissa Minerals Development Company Ltd.,ORISSAMINE.NS,,,,
Arkade Developers Ltd.,NA,,,,
NOCIL Ltd.,NOCIL.NS,,,,
Gujarat Themis Biosyn Ltd.,GUJTHEMIS.NS,,,,
Panacea Biotec Ltd.,PANACEABIO.NS,,,,
West Coast Paper Mills Ltd.,WSTCSTPAPR.NS,,,,
Kewal Kiran Clothing Ltd.,KKCL.NS,,,,
Allcargo Logistics Ltd.,ALLCARGO.NS,,,,
Northern Arc Capital Ltd.,NA,,,,
Camlin Fine Sciences Ltd.,CAMLINFINE.NS,,,,
Vishnu Chemicals Ltd.,VISHNU.NS,,,,
Ashiana Housing Ltd.,ASHIANA.NS,,,,
MosChip Technologies Ltd.,MOSCHIP.NS,,,,
Suven Life Sciences Ltd.,SUVEN.NS,,,,
Gujarat Industries Power Company Ltd.,GIPCL.NS,,,,
Hubtown Ltd.,HUBTOWN.NS,,,,
BF Utilities Ltd.,BFUTILITIE.NS,,,,
Sindhu Trade Links Ltd.,NA,,,,
SJS Enterprises Ltd.,SJS.NS,,,,
HPL Electric & Power Ltd.,HPL.NS,,,,
Ddev Plastiks Industries Ltd.,NA,,,,
Prime Focus Ltd.,PFOCUS.NS,,,,
Avantel Ltd.,AVANTEL.NS,,,,
Spectrum Electrical Industries Ltd.,NA,,,,
Mahanagar Telephone Nigam Ltd.,MTNL.NS,,,,
Servotech Renewable Power System Ltd.,SERVOTECH.NS,,,,
K P Energy Ltd.,KPENERGY.NS,,,,
Nitco Ltd.,NITCO.NS,,,,
Stylam Industries Ltd.,STYLAMIND.NS,,,,
Prince Pipes & Fittings Ltd.,PRINCEPIPE.NS,,,,
Bombay Dyeing & Manufacturing Company Ltd.,BOMDYEING.NS,,,,
RPSG Ventures Ltd.,RPSGVENT.NS,,,,
Morepen Laboratories Ltd.,MOREPENLAB.NS,,,,
NACL Industries Ltd.,NACLIND.NS,,,,
Greenpanel Industries Ltd.,GREENPANEL.NS,,,,
Bhansali Engineering Polymers Ltd.,BEPL.NS,,,,
Taj GVK Hotels & Resorts Ltd.,TAJGVK.NS,,,,
Fineotex Chemical Ltd.,FCL.NS,,,,
Interarch Building Products Ltd.,NA,,,,
Seamec Ltd.,SEAMECLTD.NS,,,,
Thirumalai Chemicals Ltd.,TIRUMALCHM.NS,,,,
Windsor Machines Ltd.,WINDMACHIN.NS,,,,
Alembic Ltd.,ALEMBICLTD.NS,,,,
Pokarna Ltd.,POKARNA.NS,,,,
Maithan Alloys Ltd.,MAITHANALL.NS,,,,
Monarch Networth Capital Ltd.,MONARCH.NS,,,,
Xpro India Ltd.,XPROINDIA.NS,,,,
KCP Ltd.,KCP.NS,,,,
Utkarsh Small Finance Bank Ltd.,NA,,,,
ADF Foods Ltd.,ADFFOODS.NS,,,,
Som Distilleries & Breweries Ltd.,SDBL.NS,,,,
DCX Systems Ltd.,DCXINDIA.NS,,,,
Prataap Snacks Ltd.,DIAMONDYD.NS,,,,
Kolte-Patil Developers Ltd.,KOLTEPATIL.NS,,,,
Savita Oil Technologies Ltd.,SAVITA.NS,,,,
Oriental Hotels Ltd.,ORIENTHOT.NS,,,,
Sagar Cements Ltd.,SAGCEM.NS,,,,
PSP Projects Ltd.,PSPPROJECT.NS,,,,
Venus Pipes & Tubes Ltd.,VENUSPIPES.NS,,,,
Genesys International Corporation Ltd.,GENESYS.NS,,,,
Veedol Corporation Ltd.,NA,,,,
Marathon Nextgen Realty Ltd.,MARATHON.NS,,,,
Flair Writing Industries Ltd,NA,,,,
Pennar Industries Ltd.,PENIND.NS,,,,
Automotive Axles Ltd.,AUTOAXLES.NS,,,,
Senores Pharmaceuticals Ltd.,NA,,,,
TCI Express Ltd.,TCIEXP.NS,,,,
Shivalik Bimetal Controls Ltd.,SBCL.NS,,,,
La Opala RG Ltd.,LAOPALA.NS,,,,
Krsnaa Diagnostics Ltd.,KRSNAA.NS,,,,
Raghav Productivity Enhancers Ltd.,NA,,,,
S H Kelkar & Company Ltd.,SHK.NS,,,,
Precision Wires India Ltd.,PRECWIRE.NS,,,,
Nilkamal Ltd.,NILKAMAL.NS,,,,
Marine Electricals (India) Ltd.,MARINE.NS,,,,
Lumax Industries Ltd.,LUMAXIND.NS,,,,
Indo Thai Securities Ltd.,NA,,,,
Bajaj Hindusthan Sugar Ltd.,BAJAJHIND.NS,,,,
Baazar Style Retail Ltd.,NA,,,,
Jindal Drilling & Industries Ltd.,JINDRILL.NS,,,,
Madhya Bharat Agro Products Ltd.,MBAPL.NS,,,,
Quality Power Electrical Equipments Ltd.,NA,,,,
Zota Healthcare Ltd.,ZOTA.NS,,,,
Goodluck India Ltd.,GOODLUCK.NS,,,,
Indo Tech Transformers Ltd.,INDOTECH.NS,,,,
Ram Ratna Wires Ltd.,RAMRAT.NS,,,,
SML Isuzu Ltd.,SMLISUZU.NS,,,,
Centum Electronics Ltd.,CENTUM.NS,,,,
Panama Petrochem Ltd.,PANAMAPET.NS,,,,
Sula Vineyards Ltd.,SULA.NS,,,,
Stove Kraft Ltd.,STOVEKRAFT.NS,,,,
Hathway Cable & Datacom Ltd.,HATHWAY.NS,,,,
Indoco Remedies Ltd.,INDOCO.NS,,,,
Venky's (India) Ltd.,VENKEYS.NS,,,,
Sandhar Technologies Ltd.,SANDHAR.NS,,,,
SEPC Ltd.,SEPC.NS,,,,
DCW Ltd.,DCW.NS,,,,
Aeroflex Industries Ltd.,AEROFLEX.NS,,,,
Ravindra Energy Ltd.,NA,,,,
Muthoot Microfin Ltd.,NA,,,,
Bajaj Consumer Care Ltd.,BAJAJCON.NS,,,,
Shipping Corporation of India Land And Assets Ltd.,NA,,,,
Wonder Electricals Ltd.,NA,,,,
Cantabil Retail India Ltd.,CANTABIL.NS,,,,
One Mobikwik Systems Ltd.,NA,,,,
Hindustan Oil Exploration Company Ltd.,HINDOILEXP.NS,,,,
Delta Corp Ltd.,DELTACORP.NS,,,,
Eveready Industries India Ltd.,EVEREADY.NS,,,,
Foseco India Ltd.,FOSECOIND.NS,,,,
Hinduja Global Solutions Ltd.,HGS.NS,,,,
Mangalam Cement Ltd.,MANGLMCEM.NS,,,,
Vidhi Specialty Food Ingredients Ltd.,VIDHIING.NS,,,,
Sasken Technologies Ltd.,SASKEN.NS,,,,
Associated Alcohols & Breweries Ltd.,ASALCBR.NS,,,,
Quadrant Future Tek Ltd.,NA,,,,
EIH Associated Hotels Ltd.,EIHAHOTELS.NS,,,,
Laxmi Dental Ltd.,NA,,,,
Dollar Industries Ltd.,DOLLAR.NS,,,,
Summit Securities Ltd.,SUMMITSEC.NS,,,,
Repco Home Finance Ltd.,REPCOHOME.NS,,,,
Nucleus Software Exports Ltd.,NUCLEUS.NS,,,,
Shalby Ltd.,SHALBY.NS,,,,
Mayur Uniquoters Ltd.,MAYURUNIQ.NS,,,,
Mangalore Chemicals & Fertilizers Ltd.,MANGCHEFER.NS,,,,
Sangam (India) Ltd.,SANGAMIND.NS,,,,
Sanghvi Movers Ltd.,SANGHVIMOV.NS,,,,
NRB Bearings Ltd.,NRBBEARING.NS,,,,
Parag Milk Foods Ltd.,PARAGMILK.NS,,,,
Yasho Industries Ltd.,YASHO.NS,,,,
Solara Active Pharma Sciences Ltd.,SOLARA.NS,,,,
Windlas Biotech Ltd.,WINDLAS.NS,,,,
Ramco Industries Ltd.,RAMCOIND.NS,,,,
Vimta Labs Ltd.,VIMTALABS.NS,,,,
Tasty Bite Eatables Ltd.,TASTYBITE.NS,,,,
TVS Srichakra Ltd.,TVSSRICHAK.NS,,,,
Pix Transmissions Ltd.,PIXTRANS.NS,,,,
Hi-Tech Pipes Ltd.,HITECH.NS,,,,
Vishnu Prakash R Punglia Ltd.,NA,,,,
Indian Hume Pipe Company Ltd.,INDIANHUME.NS,,,,
Sai Silks (Kalamandir) Ltd.,NA,,,,
PTC India Financial Services Ltd.,PFS.NS,,,,
Nelco Ltd.,NELCO.NS,,,,
AGI Infra Ltd.,AGIIL.NS,,,,
Geojit Financial Services Ltd.,GEOJITFSL.NS,,,,
Nitin Spinners Ltd.,NITINSPIN.NS,,,,
Honda India Power Products Ltd.,HONDAPOWER.NS,,,,
Rashi Peripherals Ltd.,NA,,,,
Saksoft Ltd.,SAKSOFT.NS,,,,
Updater Services Ltd.,NA,,,,
Jyoti Structures Ltd.,JYOTISTRUC.NS,,,,
Mahindra Logistics Ltd.,MAHLOG.NS,,,,
Wendt (India) Ltd.,WENDT.NS,,,,
Thejo Engineering Ltd.,THEJO.NS,,,,
Federal-Mogul Goetze (India) Ltd.,FMGOETZE.NS,,,,
Accelya Solutions India Ltd.,ACCELYA.NS,,,,
Premier Explosives Ltd.,PREMEXPLN.NS,,,,
Kalyani Investment Company Ltd.,KICL.NS,,,,
JNK India Ltd.,NA,,,,
Exicom Tele-Systems Ltd.,NA,,,,
Tarsons Products Ltd.,TARSONS.NS,,,,
GTL Infrastructure Ltd.,GTLINFRA.NS,,,,
S P Apparels Ltd.,SPAL.NS,,,,
IKIO Lighting Ltd.,IKIO.NS,,,,
Stanley Lifestyles Ltd.,NA,,,,
Bajaj Healthcare Ltd.,BAJAJHCARE.NS,,,,
Himatsingka Seide Ltd.,HIMATSEIDE.NS,,,,
Fino Payments Bank Ltd.,FINOPB.NS,,,,
Salzer Electronics Ltd.,SALZERELEC.NS,,,,
SMS Pharmaceuticals Ltd.,SMSPHARMA.NS,,,,
Amrutanjan Health Care Ltd.,AMRUTANJAN.NS,,,,
BF Investment Ltd.,BFINVEST.NS,,,,
Simplex Infrastructures Ltd.,SIMPLEXINF.NS,,,,
Bajel Projects Ltd.,NA,,,,
HLE Glascoat Ltd.,HLEGLAS.NS,,,,
IOL Chemicals and Pharmaceuticals Ltd.,IOLCP.NS,,,,
Motisons Jewellers Ltd.,MOTISON.NS,,,,
NIBE Ltd.,NA,,,,
Man Industries (India) Ltd.,MANINDS.NS,,,,
GRM Overseas Ltd.,GRMOVER.NS,,,,
Rane Holdings Ltd.,RANEHOLDIN.NS,,,,
Steel Cast Ltd.,STEELCAS.NS,,,,
Apollo Pipes Ltd.,APOLLOPIPE.NS,,,,
Fusion Finance Ltd.,NA,,,,
DEE Development Engineers Ltd.,NA,,,,
Carraro India Ltd.,NA,,,,
Insecticides (India) Ltd.,INSECTICID.NS,,,,
Somany Ceramics Ltd.,SOMANYCERA.NS,,,,
TTK Healthcare Ltd.,TTKHLTCARE.NS,,,,
Pondy Oxides & Chemicals Ltd.,POCL.NS,,,,
Apcotex Industries Ltd.,APCOTEXIND.NS,,,,
Spandana Sphoorty Financial Ltd.,SPANDANA.NS,,,,
Vardhman Special Steels Ltd.,VSSL.NS,,,,
Carysil Ltd.,CARYSIL.NS,,,,
Seshasayee Paper & Boards Ltd.,SESHAPAPER.NS,,,,
Confidence Petroleum India Ltd.,CONFIPET.NS,,,,
Meghmani Organics Ltd.,MEGH.NS,,,,
Arihant Superstructures Ltd.,ARIHANTSUP.NS,,,,
Filatex India Ltd.,FILATEX.NS,,,,
Southern Petrochemicals Industries Corporation Ltd.,SPIC.NS,,,,
Tourism Finance Corporation of India Ltd.,TFCILTD.NS,,,,
GPT Infraprojects Ltd.,GPTINFRA.NS,,,,
Sanstar Ltd.,NA,,,,
Hindware Home Innovation Ltd.,HINDWAREAP.NS,,,,
Unitech Ltd.,UNITECH.NS,,,,
PNB Gilts Ltd.,PNBGILTS.NS,,,,
GE Power India Ltd.,GEPIL.NS,,,,
NDR Auto Components Ltd.,NDRAUTO.NS,,,,
Ugro Capital Ltd.,UGROCAP.NS,,,,
Syncom Formulation (India) Ltd.,SYNCOMF.NS,,,,
Universal Cables Ltd.,UNIVCABLES.NS,,,,
Precision Camshafts Ltd.,PRECAM.NS,,,,
TIL Ltd.,TIL.NS,,,,
M M Forgings Ltd.,MMFL.NS,,,,
Tatva Chintan Pharma Chem Ltd.,TATVA.NS,,,,
Salasar Techno Engineering Ltd.,SALASAR.NS,,,,
Veranda Learning Solutions Ltd.,VERANDA.NS,,,,
Satin Creditcare Network Ltd.,SATIN.NS,,,,
Jai Corp Ltd.,JAICORPLTD.NS,,,,
GRP Ltd.,GRPLTD.NS,,,,
Hind Rectifiers Ltd.,HIRECT.NS,,,,
Cupid Ltd.,CUPID.NS,,,,
Mold-Tek Packaging Ltd.,MOLDTKPAC.NS,,,,
NIIT Ltd.,NIITLTD.NS,,,,
Master Trust Ltd.,NA,,,,
Landmark Cars Ltd.,LANDMARK.NS,,,,
Vindhya Telelinks Ltd.,VINDHYATEL.NS,,,,
Knowledge Marine & Engineering Works Ltd.,NA,,,,
Orient Technologies Ltd.,NA,,,,
Cosmo First Ltd.,COSMOFIRST.NS,,,,
DAM Capital Advisors Ltd.,NA,,,,
India Pesticides Ltd.,IPL.NS,,,,
Quick Heal Technologies Ltd.,QUICKHEAL.NS,,,,
DCM Shriram Industries Ltd.,DCMSRIND.NS,,,,
Udaipur Cement Works Ltd.,UDAICEMENT.NS,,,,
HMA Agro Industries Ltd.,HMAAGRO.NS,,,,
MSP Steel & Power Ltd.,MSPL.NS,,,,
Suraj Estate Developers Ltd.,SURAJ.NS,,,,
Wheels India Ltd.,WHEELS.NS,,,,
Dredging Corporation Of India Ltd.,DREDGECORP.NS,,,,
Dolat Algotech Ltd.,DOLATALGO.NS,,,,
Paramount Communications Ltd.,PARAAMOUNT.NS,,,,
Sanghi Industries Ltd.,SANGHIIND.NS,,,,
Jagran Prakashan Ltd.,JAGRAN.NS,,,,
Talbros Automotive Components Ltd.,TALBROAUTO.NS,,,,
ideaForge Technology Ltd.,IDEAFORGE.NS,,,,
Hester Biosciences Ltd.,HESTERBIO.NS,,,,
Den Networks Ltd.,DEN.NS,,,,
Rupa & Company Ltd.,RUPA.NS,,,,
Rama Steel Tubes Ltd.,RAMASTEEL.NS,,,,
G M Breweries Ltd.,GMBREW.NS,,,,
Sigachi Industries Ltd.,SIGACHI.NS,,,,
Chaman Lal Setia Exports Ltd.,CLSEL.NS,,,,
Ador Welding Ltd.,ADORWELD.NS,,,,
Antony Waste Handling Cell Ltd.,AWHCL.NS,,,,
Alldigi Tech Ltd.,NA,,,,
Shankara Building Products Ltd.,SHANKARA.NS,,,,
Agarwal Industrial Corporation Ltd.,AGARIND.NS,,,,
Suraksha Diagnostic Ltd.,NA,,,,
Platinum Industries Ltd.,NA,,,,
D-Link (India) Ltd.,DLINKINDIA.NS,,,,
Krishana Phoschem Ltd.,NA,,,,
Navkar Corporation Ltd.,NAVKARCORP.NS,,,,
Jagsonpal Pharmaceuticals Ltd.,JAGSNPHARM.NS,,,,
Rajratan Global Wire Ltd.,RAJRATAN.NS,,,,
Uniparts India Ltd.,UNIPARTS.NS,,,,
Astec Lifesciences Ltd.,ASTEC.NS,,,,
Gandhar Oil Refinery (India) Ltd.,GANDHAR.NS,,,,
Orient Green Power Company Ltd.,GREENPOWER.NS,,,,
Sri Adhikari Brothers Television Network Ltd.,SABTN.NS,,,,
Huhtamaki India Ltd.,HUHTAMAKI.NS,,,,
Sirca Paints India Ltd.,SIRCA.NS,,,,
BirlaNu Ltd.,NA,,,,
Divgi Torqtransfer Systems Ltd.,DIVGIITTS.NS,,,,
Arman Financial Services Ltd.,ARMANFIN.NS,,,,
Signpost India Ltd.,NA,,,,
Andhra Paper Ltd.,ANDHRAPAP.NS,,,,
GPT Healthcare Ltd.,NA,,,,
AYM Syntex Ltd.,AYMSYNTEX.NS,,,,
Igarashi Motors India Ltd.,IGARASHI.NS,,,,
Omaxe Ltd.,OMAXE.NS,,,,
ESAF Small Finance Bank Ltd.,NA,,,,
Kernex Microsystems (India) Ltd.,KERNEX.NS,,,,
I G Petrochemicals Ltd.,IGPL.NS,,,,
Excel Industries Ltd.,EXCELINDUS.NS,,,,
Heubach Colorants India Ltd.,HEUBACHIND.NS,,,,
Atul Auto Ltd.,ATULAUTO.NS,,,,
Yatra Online Ltd.,YATRA.NS,,,,
Dynamic Cables Ltd.,NA,,,,
Everest Kanto Cylinder Ltd.,EKC.NS,,,,
India Nippon Electricals Ltd.,INDNIPPON.NS,,,,
Mukand Ltd.,MUKANDLTD.NS,,,,
GNA Axles Ltd.,GNA.NS,,,,
Renaissance Global Ltd.,RGL.NS,,,,
Bharat Wire Ropes Ltd.,BHARATWIRE.NS,,,,
MIC Electronics Ltd.,MICEL.NS,,,,
GOCL Corporation Ltd.,GOCLCORP.NS,,,,
Roto Pumps Ltd.,ROTOPUMP.NS,,,,
BLS E-Services Ltd.,NA,,,,
IFGL Refractories Ltd.,IFGLEXPOR.NS,,,,
ICE Make Refrigeration Ltd.,ICEMAKE.NS,,,,
Tribhovandas Bhimji Zaveri Ltd.,TBZ.NS,,,,
Dynacons Systems & Solutions Ltd.,NA,,,,
Bombay Super Hybrid Seeds Ltd.,NA,,,,
Ramco Systems Ltd.,RAMCOSYS.NS,,,,
Unicommerce eSolutions Ltd.,NA,,,,
SPML Infra Ltd.,SPMLINFRA.NS,,,,
Themis Medicare Ltd.,THEMISMED.NS,,,,
Texmaco Infrastructure & Holdings Ltd.,TEXINFRA.NS,,,,
Bliss GVS Pharma Ltd.,BLISSGVS.NS,,,,
J G Chemicals Ltd.,NA,,,,
Dolphin Offshore Enterprises (India) Ltd.,DOLPHINOFF.NS,,,,
Capital Small Finance Bank Ltd.,NA,,,,
Asian Energy Services Ltd.,ASIANENE.NS,,,,
India Motor Parts & Accessories Ltd.,IMPAL.NS,,,,
Vakrangee Ltd.,VAKRANGEE.NS,,,,
India Power Corporation Ltd.,DPSC.NS,,,,
GTPL Hathway Ltd.,GTPL.NS,,,,
Expleo Solutions Ltd.,EXPLEOSOL.NS,,,,
IRM Energy Ltd.,NA,,,,
Shriram Properties Ltd.,SHRIRAMPPS.NS,,,,
Raj Rayon Industries Ltd.,NA,,,,
Gulshan Polyols Ltd.,GULPOLY.NS,,,,
Reliance Industrial Infrastructure Ltd.,RELINFRA.NS,,,,
Amines & Plasticizers Ltd.,AMNPLST.NS,,,,
Dreamfolks Services Ltd.,DREAMFOLKS.NS,,,,
Madras Fertilizers Ltd.,MFL.NS,,,,
One Point One Solutions Ltd.,ONEPOINT.NS,,,,
Dhunseri Ventures Ltd.,DVL.NS,,,,
Dhanlaxmi Bank Ltd.,DHANBANK.NS,,,,
Suryoday Small Finance Bank Ltd.,SURYODAY.NS,,,,
Punjab Chemicals and Crop Protection Ltd.,PUNJABCHEM.NS,,,,
Electrotherm (India) Ltd.,ELECTHERM.NS,,,,
Vintage Coffee And Beverages Ltd.,NA,,,,
B L Kashyap & Sons Ltd.,BLKASHYAP.NS,,,,
Vardhman Holdings Ltd.,VHL.NS,,,,
Monte Carlo Fashions Ltd.,MONTECARLO.NS,,,,
SMC Global Securities Ltd.,SMC.NS,,,,
Fairchem Organics Ltd.,FAIRCHEMOR.NS,,,,
Walchandnagar Industries Ltd.,WALCHANNAG.NS,,,,
Ecos (India) Mobility & Hospitality Ltd.,ECOSMOBLTY.NS,,,,
Hariom Pipe Industries Ltd.,HARIOMPIPE.NS,,,,
R K Swamy Ltd.,RKSWAMY.NS,,,,
Mufin Green Finance Ltd.,MUFIN.NS,,,,
Lincoln Pharmaceuticals Ltd.,LINCOLN.NS,,,,
Oriental Aromatics Ltd.,OAL.NS,,,,
Ester Industries Ltd.,ESTER.NS,,,,
Sportking India Ltd.,SPORTKING.NS,,,,
Concord Enviro Systems Ltd.,CEWATER.NS,,,,
The Hi-Tech Gears Ltd.,HITECHGEAR.NS,,,,
Om Infra Ltd.,OMINFRAL.NS,,,,
Matrimony.com Ltd.,MATRIMONY.NS,,,,
BCL Industries Ltd.,BCLIND.NS,,,,
5Paisa Capital Ltd.,5PAISA.NS,,,,
Century Enka Ltd.,CENTENKA.NS,,,,
Sterling Tools Ltd.,STERTOOLS.NS,,,,
Borosil Scientific Ltd.,NA,,,,
Butterfly Gandhimathi Appliances Ltd.,BUTTERFLY.NS,,,,
Rossell Techsys Ltd.,NA,,,,
Hexa Tradex Ltd.,HEXATRADEX.NS,,,,
Suyog Telematics Ltd.,SUYOG.NS,,,,
Deccan Cements Ltd.,DECANCEM.NS,,,,
Crest Ventures Ltd.,CREST.NS,,,,
Creative Newtech Ltd.,CREATIVE.NS,,,,
Alicon Castalloy Ltd.,ALICON.NS,,,,
Shree Digvijay Cement Company Ltd.,SHREDIGCEM.NS,,,,
Royal Orchid Hotels Ltd.,ROHLTD.NS,,,,
Oswal Agro Mills Ltd.,OSWALAGRO.NS,,,,
Barbeque-Nation Hospitality Ltd.,BARBEQUE.NS,,,,
Dish TV India Ltd.,DISHTV.NS,,,,
Kellton Tech Solutions Ltd.,KELLTONTEC.NS,,,,
Ksolves India Ltd.,KSOLVES.NS,,,,
Uniphos Enterprises Ltd.,UNIENTER.NS,,,,
Likhitha Infrastructure Ltd.,LIKHITHA.NS,,,,
Allied Digital Services Ltd.,ADSL.NS,,,,
Kross Ltd.,NA,,,,
Laxmi Goldorna House Ltd.,NA,,,,
Rane (Madras) Ltd.,RML.NS,,,,
Kokuyo Camlin Ltd.,KOKUYOCMLN.NS,,,,
Yuken India Ltd.,YUKEN.NS,,,,
Diffusion Engineers Ltd.,NA,,,,
Radhika Jeweltech Ltd.,RADHIKAJWE.NS,,,,
GKW Ltd.,GKWLIMITED.NS,,,,
Chemfab Alkalis Ltd.,CHEMFAB.NS,,,,
Manoj Vaibhav Gems N Jewellers Ltd.,VAIBHAVGBL.NS,,,,
Centrum Capital Ltd.,CENTRUM.NS,,,,
Gala Precision Engineering Ltd.,NA,,,,
Uttam Sugar Mills Ltd.,UTTAMSUGAR.NS,,,,
Valiant Organics Ltd.,VALIANTORG.NS,,,,
Faze Three Ltd.,FAZE3Q.NS,,,,
Kabra Extrusion Technik Ltd.,KABRAEXTRU.NS,,,,
Steel Exchange India Ltd.,STEELXIND.NS,,,,
Shivalik Rasayan Ltd.,SHIVALIK.NS,,,,
Garuda Construction and Engineering Ltd.,NA,,,,
Mukka Proteins Ltd.,NA,,,,
Control Print Ltd.,CONTROLPR.NS,,,,
Wealth First Portfolio Managers Ltd.,WEALTH.NS,,,,
Saurashtra Cements Ltd.,SAURASHCEM.NS,,,,
Prakash Pipes Ltd.,PRAKASHPIP.NS,,,,
Pudumjee Paper Products Ltd.,PDMJEPAPER.NS,,,,
Xchanging Solutions Ltd.,XCHANGING.NS,,,,
Heranba Industries Ltd.,HERANBA.NS,,,,
Manali Petrochemicals Ltd.,MANALIPETC.NS,,,,
TV Today Network Ltd.,TVTODAY.NS,,,,
Sat Industries Ltd.,SATINDLTD.NS,,,,
Andhra Sugars Ltd.,ANDHRSUGAR.NS,,,,
JITF Infralogistics Ltd.,JITFINFRA.NS,,,,
Parsvnath Developers Ltd.,PARSVNATH.NS,,,,
Kothari Petrochemicals Ltd.,KOTHARIPET.NS,,,,
Kuantum Papers Ltd.,KUANTUM.NS,,,,
GIC Housing Finance Ltd.,GICHSGFIN.NS,,,,
Dhunseri Investments Ltd.,DHUNINV.NS,,,,
Magadh Sugar & Energy Ltd.,MAGADSUGAR.NS,,,,
Indo Rama Synthetics (India) Ltd.,INDRAMASYN.NS,,,,
Abans Financial Services Ltd.,ABANS.NS,,,,
Bigbloc Construction Ltd.,BIGBLOC.NS,,,,
Arrow Greentech Ltd.,ARROWGREEN.NS,,,,
Kopran Ltd.,KOPRAN.NS,,,,
Aditya Birla Money Ltd.,BIRLAMONEY.NS,,,,
Anuh Pharma Ltd.,ANUHCO.NS,,,,
Aurum Proptech Ltd.,AURUM.NS,,,,
Ganesh Benzoplast Ltd.,GANESHBE.NS,,,,
Rishabh Instruments Ltd.,RISHABH.NS,,,,
Transindia Real Estate Ltd.,TRANSINDIA.NS,,,,
Godavari Biorefineries Ltd.,GODAVARI.NS,,,,
Vascon Engineers Ltd.,VASCONEQ.NS,,,,
BEML Land Assets Ltd.,BEML.NS,,,,
Silver Touch Technologies Ltd.,SILVERTUC.NS,,,,
Avadh Sugar & Energy Ltd.,AVADHSUGAR.NS,,,,
Kirloskar Electric Company Ltd.,KIRLOSKELE.NS,,,,
Mamata Machinery Ltd.,NA,,,,
Tamil Nadu Newsprint And Papers Ltd.,TNPL.NS,,,,
Eimco Elecon (India) Ltd.,EIMCOELECO.NS,,,,
Shalimar Paints Ltd.,SHALPAINTS.NS,,,,
Sree Rayalaseema Hi-Strength Hypo Ltd.,SRHHYPOLTD.NS,,,,
Indo Amines Ltd.,INDOAMIN.NS,,,,
Balaji Telefilms Ltd.,BALAJITELE.NS,,,,
NCL Industries Ltd.,NCLIND.NS,,,,
Swelect Energy Systems Ltd.,SWELECTES.NS,,,,
Sandesh Ltd.,SANDESH.NS,,,,
Nintec Systems Ltd.,NINSYS.NS,,,,
Nahar Spinning Mills Ltd.,NAHARSPING.NS,,,,
AVT Natural Products Ltd.,AVTNPL.NS,,,,
Jaiprakash Associates Ltd.,JPASSOCIAT.NS,,,,
HLV Ltd.,HLVLTD.NS,,,,
Selan Exploration Technology Ltd.,SELAN.NS,,,,
Allcargo Gati Ltd.,GATI.NS,,,,
Zuari Agro Chemicals Ltd.,ZUARI.NS,,,,
Credo Brands Marketing Ltd.,NA,,,,
Rico Auto Industries Ltd.,RICOAUTO.NS,,,,
Sastasundar Ventures Ltd.,SASTASUNDR.NS,,,,
Tembo Global Industries Ltd.,TEMBO.NS,,,,
Shree Pushkar Chemicals & Fertilisers Ltd.,SHREEPUSHK.NS,,,,
Zee Media Corporation Ltd.,ZEEMEDIA.NS,,,,
Racl Geartech Ltd.,RACLGEAR.NS,,,,
GeeCee Ventures Ltd.,GEECEE.NS,,,,
Wanbury Ltd.,WANBURY.NS,,,,
Kamdhenu Ltd.,KAMDHENU.NS,,,,
Indef Manufacturing Ltd.,NA,,,,
Max India Ltd.,MAXIND.NS,,,,
Ambika Cotton Mills Ltd.,AMBIKCO.NS,,,,
Macpower CNC Machines Ltd.,MACPOWER.NS,,,,
Gandhi Special Tubes Ltd.,GANDHITUBE.NS,,,,
Peninsula Land Ltd.,PENINLAND.NS,,,,
Bodal Chemicals Ltd.,BODALCHEM.NS,,,,
Dhampur Sugar Mills Ltd.,DHAMPURSUG.NS,,,,
Snowman Logistics Ltd.,SNOWMAN.NS,,,,
Prime Securities Ltd.,PRIMESECU.NS,,,,
Viceroy Hotels Ltd.,NA,,,,
Jindal Poly Investment & Finance Company Ltd.,JINDALPHOT.NS,,,,
Pakka Ltd.,PAKKA.NS,,,,
Ritco Logistics Ltd.,RITCO.NS,,,,
Kamat Hotels (India) Ltd.,KAMATHOTEL.NS,,,,
Nelcast Ltd.,NELCAST.NS,,,,
CP Capital Ltd.,NA,,,,
Denta Water and Infra Solutions Ltd.,NA,,,,
Western Carriers (India) Ltd.,NA,,,,
New Delhi Television Ltd.,NDTV.NS,,,,
SRM Contractors Ltd.,NA,,,,
Indo Farm Equipment Ltd.,NA,,,,
Automotive Stampings and Assemblies Ltd.,ASAL.NS,,,,
Mallcom (India) Ltd.,MALLCOM.NS,,,,
Zuari Industries Ltd.,ZUARIIND.NS,,,,
VLS Finance Ltd.,VLSFINANCE.NS,,,,
Arihant Capital Markets Ltd.,ARIHANTCAP.NS,,,,
GHCL Textiles Ltd.,GHCLTEXTIL.NS,,,,
Vertoz Ltd.,VERTOZ.NS,,,,
STEL Holdings Ltd.,STEL.NS,,,,
Ratnaveer Precision Engineering Ltd.,RATNAVEER.NS,,,,
DMCC Speciality Chemicals Ltd.,DMCC.NS,,,,
Chembond Chemicals Ltd.,CHEMBOND.NS,,,,
IRIS Business Services Ltd.,IRIS.NS,,,,
InfoBeans Technologies Ltd.,INFOBEAN.NS,,,,
Manaksia Coated Metals & Industries Ltd.,MANAKCOAT.NS,,,,
Jindal Photo Ltd.,JINDALPHOT.NS,,,,
Suraj Ltd.,SURAJ.NS,,,,
Asian Hotels (North) Ltd.,ASIANHOTNR.NS,,,,
Everest Industries Ltd.,EVERESTIND.NS,,,,
Popular Vehicles and Services Ltd.,NA,,,,
Satia Industries Ltd.,SATIA.NS,,,,
20 Microns Ltd.,20MICRONS.NS,,,,
Dwarikesh Sugar Industries Ltd.,DWARKESH.NS,,,,
Aptech Ltd.,APTECHT.NS,,,,
Eldeco Housing & Industries Ltd.,ELDEHSG.NS,,,,
Bhageria Industries Ltd.,BHAGERIA.NS,,,,
MMP Industries Ltd.,MMP.NS,,,,
RSWM Ltd.,RSWM.NS,,,,
State Trading Corporation Of India Ltd.,STCINDIA.NS,,,,
Sarla Performance Fibers Ltd.,SARLAPOLY.NS,,,,
Munjal Auto Industries Ltd.,MUNJALAU.NS,,,,
NGL Fine - Chem Ltd.,NGLFINE.NS,,,,
Elin Electronics Ltd.,ELIN.NS,,,,
Urja Global Ltd.,URJA.NS,,,,
Manba Finance Ltd.,NA,,,,
Speciality Restaurants Ltd.,SPECIALITY.NS,,,,
Radiant Cash Management Services Ltd.,RADIANTCMS.NS,,,,
Premier Polyfilm Ltd.,PREMIERPOL.NS,,,,
Jayant Agro Organics Ltd.,JAYAGROGN.NS,,,,
Sarveshwar Foods Ltd.,SARVESHWAR.NS,,,,
Best Agrolife Ltd.,BESTAGRO.NS,,,,
Subex Ltd.,SUBEXLTD.NS,,,,
Deepak Builders & Engineers India Ltd.,NA,,,,
Suratwwala Business Group Ltd.,SBGLP.NS,,,,
Synergy Green Industries Ltd.,NA,,,,
Jay Bharat Maruti Ltd.,JAYBARMARU.NS,,,,
Ruby Mills Ltd.,RUBYMILLS.NS,,,,
The Investment Trust of India Ltd.,ITI.NS,,,,
Apex Frozen Foods Ltd.,APEX.NS,,,,
Dharmaj Crop Guard Ltd.,DHARMAJ.NS,,,,
Rushil Decor Ltd.,RUSHIL.NS,,,,
Entertainment Network (India) Ltd.,ENIL.NS,,,,
Gloster Ltd.,GLOSTERLTD.NS,,,,
Medicamen Biotech Ltd.,MEDICAMEQ.NS,,,,
Focus Lighting and Fixtures Ltd.,FOCUS.NS,,,,
Innovana Thinklabs Ltd.,INNOVANA.NS,,,,
Asian Granito India Ltd.,ASIANTILES.NS,,,,
Foods & Inns Ltd.,FOODSIN.NS,,,,
Consolidated Construction Consortium Ltd.,NA,,,,
Chemcon Speciality Chemicals Ltd.,CHEMCON.NS,,,,
Hindustan Composites Ltd.,HINDCOMPOS.NS,,,,
Tamilnadu Petroproducts Ltd.,TNPETRO.NS,,,,
Krystal Integrated Services Ltd.,NA,,,,
Sutlej Textiles & Industries Ltd.,SUTLEJTEX.NS,,,,
Oricon Enterprises Ltd.,ORICONENT.NS,,,,
Donear Industries Ltd.,DONEAR.NS,,,,
Gensol Engineering Ltd.,GENSOL.NS,,,,
Zodiac Energy Ltd.,ZODIAC.NS,,,,
Linc Ltd.,LINC.NS,,,,
Sukhjit Starch & Chemicals Ltd.,SUKHJIT.NS,,,,
Coffee Day Enterprises Ltd.,COFFEEDAY.NS,,,,
SIL Investments Ltd.,SILINV.NS,,,,
Sadhana Nitro Chem Ltd.,SADHNANIQ.NS,,,,
S Chand & Company Ltd.,SCHAND.NS,,,,
Bhartiya International Ltd.,BHARTIYA.NS,,,,
Hindustan Media Ventures Ltd.,HMVL.NS,,,,
RPP Infra Projects Ltd.,RPPINFRA.NS,,,,
TVS Electronics Ltd.,TVSELECT.NS,,,,
Cheviot Company Ltd.,CHEVIOT.NS,,,,
PVP Ventures Ltd.,PVP.NS,,,,
SBC Exports Ltd.,SBC.NS,,,,
Stallion India Fluorochemicals Ltd.,NA,,,,
Pyramid Technoplast Ltd.,PYRAMID.NS,,,,
GFL Ltd.,GFLLIMITED.NS,,,,
Sical Logistics Ltd.,SICAL.NS,,,,
NBI Industrial Finance Company Ltd.,NBIFIN.NS,,,,
Repro India Ltd.,REPRO.NS,,,,
CSL Finance Ltd.,CSLFINANCE.NS,,,,
Consolidated Finvest & Holdings Ltd.,CONSOFINVT.NS,,,,
Hardwyn India Ltd.,HARDWYN.NS,,,,
Allcargo Terminals Ltd.,NA,,,,
Spencers Retail Ltd.,SPENCERS.NS,,,,
DIC India Ltd.,DICIND.NS,,,,
Avonmore Capital & Management Services Ltd.,AVONMORE.NS,,,,
BGR Energy Systems Ltd.,BGRENERGY.NS,,,,
TPL Plastech Ltd.,TPLPLASTEH.NS,,,,
Transworld Shipping Lines Ltd.,NA,,,,
MBL Infrastructure Ltd.,MBLINFRA.NS,,,,
Nandan Denim Ltd.,NANDAN.NS,,,,
Indo Borax & Chemicals Ltd.,INDOBORAX.NS,,,,
Hercules Hoists Ltd.,HERCULES.NS,,,,
RBZ Jewellers Ltd.,RBZJEWELLERS.NS,,,,
Onward Technologies Ltd.,ONWARDTEC.NS,,,,
Emami Paper Mills Ltd.,EMAMIPAP.NS,,,,
Khadim India Ltd.,KHADIM.NS,,,,
Tracxn Technologies Ltd.,TRACXN.NS,,,,
Advani Hotels & Resorts (India) Ltd.,ADVANIHOTR.NS,,,,
Nectar Lifesciences Ltd.,NECTARLIFE.NS,,,,
Rane Brake Lining Ltd.,RBL.NS,,,,
Liberty Shoes Ltd.,LIBERTSHOE.NS,,,,
Kilitch Drugs(I) Ltd.,KILITCH.NS,,,,
Emkay Global Financial Services Ltd.,EMKAY.NS,,,,
Sreeleathers Ltd.,SREEL.NS,,,,
Precot Ltd.,PRECOT.NS,,,,
Sakar Healthcare Ltd.,SAKAR.NS,,,,
Mindteck (India) Ltd.,MINDTECK.NS,,,,
Kronox Lab Sciences Ltd.,KRONOX.NS,,,,
Kriti Industries (India) Ltd.,KRITI.NS,,,,
Vikas Lifecare Ltd.,VIKASLIFE.NS,,,,
Nahar Poly Films Ltd.,NAHARPOLY.NS,,,,
GVK Power & Infrastructure Ltd.,GVKPIL.NS,,,,
AB Infrabuild Ltd.,NA,,,,
Visaka Industries Ltd.,VISAKAIND.NS,,,,
Shree Rama Newsprint Ltd.,RAMANEWS.NS,,,,
Bedmutha Industries Ltd.,BEDMUTHA.NS,,,,
Vinyl Chemicals (I) Ltd.,VINYLINDIA.NS,,,,
Ind-Swift Laboratories Ltd.,INDSWFTLAB.NS,,,,
Vraj Iron & Steel Ltd.,VRAJ.NS,,,,
Pavna Industries Ltd.,PAVNAIND.NS,,,,
Essar Shipping Ltd.,ESSARSHPNG.NS,,,,
PTL Enterprises Ltd.,PTL.NS,,,,
Kriti Nutrients Ltd.,KRITINUT.NS,,,,
Andhra Cements Ltd.,ANDHRACEMT.NS,,,,
Menon Bearings Ltd.,MENONBE.NS,,,,
Industrial Investment Trust Ltd.,IITL.NS,,,,
SRG Housing Finance Ltd.,SRGHOUSING.NS,,,,
Prozone Realty Ltd.,PROZONER.NS,,,,
SoftTech Engineers Ltd.,SOFTTECH.NS,,,,
Tara Chand InfraLogistic Solutions Ltd.,TARACHAND.NS,,,,
Ugar Sugar Works Ltd.,UGARSUGAR.NS,,,,
Twamev Construction and Infrastructure Ltd.,NA,,,,
Bharat Seats Ltd.,BHARATSE.NS,,,,
Mazda Ltd.,MAZDA.NS,,,,
Shree Vasu Logistics Ltd.,SHREEVASU.NS,,,,
Genus Paper & Boards Ltd.,GENUSPAPER.NS,,,,
IL&FS Engineering & Construction Company Ltd.,IL&FSENGG.NS,,,,
Orient Paper & Industries Ltd.,ORIENTPPR.NS,,,,
Hindustan Motors Ltd.,HINDMOTORS.NS,,,,
HP Adhesives Ltd.,HPAL.NS,,,,
Emami Realty Ltd.,EMAMIREAL.NS,,,,
Tolins Tyres Ltd.,NA,,,,
OnMobile Global Ltd.,ONMOBILE.NS,,,,
S & S Power Switchgear Ltd.,S&SPOWER.NS,,,,
Albert David Ltd.,ALBERTDAVD.NS,,,,
Plastiblends India Ltd.,PLASTIBLEN.NS,,,,
Medico Remedies Ltd.,MEDICO.NS,,,,
Nila Spaces Ltd.,NILASPACES.NS,,,,
Maan Aluminium Ltd.,MAANALU.NS,,,,
Khaitan Chemicals & Fertilizers Ltd.,KHAICHEM.NS,,,,
Vardhman Polytex Ltd.,VARDMNPOLY.NS,,,,
Reliance Communications Ltd.,RCOM.NS,,,,
SKM Egg Products Export (India) Ltd.,SKMEGGPROD.NS,,,,
Pasupati Acrylon Ltd.,PASUPTAC.NS,,,,
Bartronics India Ltd.,BARTRONICS.NS,,,,
Cybertech Systems & Software Ltd.,CYBERTECH.NS,,,,
Global Surfaces Ltd.,GLOBAL.NS,,,,
W S Industries (India) Ltd.,WSI.NS,,,,
IFB Agro Industries Ltd.,IFBAGRO.NS,,,,
Mangalam Global Enterprise Ltd.,MGEL.NS,,,,
Kapston Services Ltd.,KAPSTON.NS,,,,
Sinclairs Hotels Ltd.,SINCLAIR.NS,,,,
FCS Software Solutions Ltd.,FCSSOFT.NS,,,,
Dhampur Bio Organics Ltd.,DBOL.NS,,,,
Affordable Robotic & Automation Ltd.,ARAPL.NS,,,,
CL Educate Ltd.,CLEDUCATE.NS,,,,
Birla Cable Ltd.,BIRLACABLE.NS,,,,
Euro India Fresh Foods Ltd.,EIFFL.NS,,,,
DiGiSPICE Technologies Ltd.,DIGISPICE.NS,,,,
Shree Rama Multi-Tech Ltd.,SHREERAMA.NS,,,,
Banswara Syntex Ltd.,BANSWRAS.NS,,,,
Munjal Showa Ltd.,MUNJALSHOW.NS,,,,
International Conveyors Ltd.,INTLCONV.NS,,,,
Gujarat Apollo Industries Ltd.,GUJAPOLLO.NS,,,,
Mold-Tek Technologies Ltd.,MOLDTECH.NS,,,,
Naga Dhunseri Group Ltd.,NDGL.NS,,,,
Filatex Fashions Ltd.,FILATFASH.NS,,,,
Remsons Industries Ltd.,REMSONSIND.NS,,,,
Orbit Exports Ltd.,ORBTEXP.NS,,,,
United Drilling Tools Ltd.,UNIDT.NS,,,,
Race Eco Chain Ltd.,RACE.NS,,,,
Nahar Industrial Enterprises Ltd.,NAHARINDUS.NS,,,,
IRIS Clothings Ltd.,IRIS.NS,,,,
Modison Ltd.,MODISONLTD.NS,,,,
Gokul Refoils & Solvent Ltd.,GOKUL.NS,,,,
Kothari Products Ltd.,KOTHARIPRO.NS,,,,
Goa Carbon Ltd.,GOACARBON.NS,,,,
Muthoot Capital Services Ltd.,MUTHOOTCAP.NS,,,,
Visa Steel Ltd.,VISASTEEL.NS,,,,
Panache Digilife Ltd.,PANACHE.NS,,,,
Nova Agritech Ltd.,NOVAAGRI.NS,,,,
Venus Remedies Ltd.,VENUSREM.NS,,,,
HCL Infosystems Ltd.,HCL-INSYS.NS,,,,
Asahi Songwon Colors Ltd.,ASAHISONG.NS,,,,
Zim Laboratories Ltd.,ZIMLAB.NS,,,,
IZMO Ltd.,IZMO.NS,,,,
Raj Television Network Ltd.,RAJTV.NS,,,,
Ashima Ltd.,ASHIMASYN.NS,,,,
Geekay Wires Ltd.,GEEKAYWIRE.NS,,,,
VL E-Governance & IT Solutions Ltd.,NA,,,,
Mahamaya Steel Industries Ltd.,MAHASTEEL.NS,,,,
Sumit Woods Ltd.,SUMIT.NS,,,,
DJ Mediaprint & Logistics Ltd.,DJML.NS,,,,
N R Agarwal Industries Ltd.,NRAIL.NS,,,,
Alankit Ltd.,ALANKIT.NS,,,,
Nupur Recyclers Ltd.,NUPURREC.NS,,,,
KCP Sugar & Industries Corporation Ltd.,KCPSUGIND.NS,,,,
Osia Hyper Retail Ltd.,OSIAHYPER.NS,,,,
De Nora India Ltd.,DENORA.NS,,,,
Thomas Scott (India) Ltd.,THOMASCOTT.NS,,,,
OCCL Ltd.,OCCL.NS,,,,
HT Media Ltd.,HTMEDIA.NS,,,,
Nahar Capital & Financial Services Ltd.,NAHARCAP.NS,,,,
Spacenet Enterprises India Ltd.,SPCENET.NS,,,,
Sakuma Exports Ltd.,SAKUMA.NS,,,,
The Byke Hospitality Ltd.,BYKE.NS,,,,
Manaksia Ltd.,MANAKSIA.NS,,,,
Megasoft Ltd.,MEGASOFT.NS,,,,
TRF Ltd.,TRF.NS,,,,
Mirza International Ltd.,MIRZAINT.NS,,,,
Valiant Laboratories Ltd.,VALIANTLAB.NS,,,,
AVG Logistics Ltd.,AVG.NS,,,,
Robust Hotels Ltd.,NA,,,,
McLeod Russel (India) Ltd.,MCLEODRUSS.NS,,,,
Oil Country Tubular Ltd.,OILCOUNTUB.NS,,,,
Orient Ceratech Ltd.,ORIENTCER.NS,,,,
Lords Chloro Alkali Ltd.,LORDSCHLO.NS,,,,
Almondz Global Securities Ltd.,ALMONDZ.NS,,,,
3i Infotech Ltd.,3IINFOLTD.NS,,,,
Shankar Lal Rampal Dye-Chem Ltd.,SHANKAR.NS,,,,
Lyka Labs Ltd.,LYKALABS.NS,,,,
Balaxi Pharmaceuticals Ltd.,BALAXI.NS,,,,
Shree Tirupati Balajee Agro Trading Company Ltd.,NA,,,,
Brand Concepts Ltd.,BRANDCON.NS,,,,
SMS Lifesciences India Ltd.,SMSLIFE.NS,,,,
Harrisons Malayalam Ltd.,HARRMALAYA.NS,,,,
Aaron Industries Ltd.,AARON.NS,,,,
United Polyfab Gujarat Ltd.,UNITEDPOLY.NS,,,,
Aarti Surfactants Ltd.,AARTISURF.NS,,,,
Tirupati Forge Ltd.,TIRUPATIFL.NS,,,,
Sejal Glass Ltd.,SEJALLTD.NS,,,,
DRC Systems India Ltd.,DRCSYSTEMS.NS,,,,
DC Infotech and Communication Ltd.,DCI.NS,,,,
Ruchira Papers Ltd.,RUCHIRA.NS,,,,
Rubfila International Ltd.,RUBFILINTL.NS,,,,
Orient Bell Ltd.,ORIENTBELL.NS,,,,
Indiabulls Enterprises Ltd.,NA,,,,
Nila Infrastructures Ltd.,NILAINFRA.NS,,,,
Global Vectra Helicorp Ltd.,GLOBALVECT.NS,,,,
Davangere Sugar Company Ltd.,NA,,,,
Shivam Autotech Ltd.,SHIVAMAUTO.NS,,,,
Supreme Holdings & Hospitality (India) Ltd.,SUPREMEIND.NS,,,,
Pil Italica Lifestyle Ltd.,PILITA.NS,,,,
Axita Cotton Ltd.,AXITA.NS,,,,
Vardhman Acrylics Ltd.,VARDHACRLC.NS,,,,
Dynemic Products Ltd.,DYNPRO.NS,,,,
Brooks Laboratories Ltd.,BROOKS.NS,,,,
Akme Fintrade (India) Ltd.,NA,,,,
Airan Ltd.,AIRAN.NS,,,,
Niraj Cement Structurals Ltd.,NIRAJ.NS,,,,
BPL Ltd.,BPL.NS,,,,
Mawana Sugars Ltd.,MAWANASUG.NS,,,,
U Y Fincorp Ltd.,NA,,,,
Anik Industries Ltd.,ANIKINDS.NS,,,,
Kanoria Chemicals & Industries Ltd.,KANORICHEM.NS,,,,
Cineline India Ltd.,CINELINE.NS,,,,
Aries Agro Ltd.,ARIES.NS,,,,
Mangalam Organics Ltd.,MANORG.NS,,,,
Diamines & Chemicals Ltd.,DIAMINESQ.NS,,,,
Sheetal Cool Products Ltd.,NA,,,,
South West Pinnacle Exploration Ltd.,NA,,,,
Saraswati Saree Depot Ltd.,NA,,,,
Indo National Ltd.,NIPPOBATRY.NS,,,,
Sintercom India Ltd.,SINTERCOM.NS,,,,
Manomay Tex India Ltd.,NA,,,,
Vikas Ecotech Ltd.,VIKASECO.NS,,,,
Mahindra EPC Irrigation Ltd.,MAHEPC.NS,,,,
Aarvee Denims and Exports Ltd.,AARVEEDEN.NS,,,,
Navkar Urbanstructure Ltd.,NA,,,,
Commercial Syn Bags Ltd.,NA,,,,
Rama Phosphates Ltd.,RAMAPHO.NS,,,,
Hitech Corporation Ltd.,HITECHCORP.NS,,,,
Apollo Sindoori Hotels Ltd.,APOLSINHOT.NS,,,,
Music Broadcast Ltd.,RADIOCITY.NS,,,,
Manaksia Steels Ltd.,MANAKSTEEL.NS,,,,
Poddar Pigments Ltd.,PODDARMENT.NS,,,,
Anjani Portland Cement Ltd.,ANJANIPORT.NS,,,,
Rudrabhishek Enterprises Ltd.,REPL.NS,,,,
D P Wires Ltd.,DPWIRES.NS,,,,
Lokesh Machines Ltd.,LOKESHMACH.NS,,,,
Kaya Ltd.,KAYA.NS,,,,
VIP Clothing Ltd.,VIPCLOTHNG.NS,,,,
Sundaram Brake Lining Ltd.,SUNDRMBRAK.NS,,,,
Indo US Bio-Tech Ltd.,INDOUS.NS,,,,
T T Ltd.,TTL.NS,,,,
Elgi Rubber Company Ltd.,ELGIRUBCO.NS,,,,
Kamdhenu Ventures Ltd.,NA,,,,
Autoline Industries Ltd.,AUTOLITIND.NS,,,,
DCM Nouvelle Ltd.,DCMNVL.NS,,,,
Nagarjuna Fertilizers and Chemicals Ltd.,NAGAFERT.NS,,,,
Shradha Infraprojects Ltd.,NA,,,,
Nath Bio-Genes (India) Ltd.,NATHBIOGEN.NS,,,,
Ravinder Heights Ltd.,NA,,,,
MIRC Electronics Ltd.,MIRCELECTR.NS,,,,
Inspirisys Solutions Ltd.,INSPIRISYS.NS,,,,
Welspun Investments & Commercials Ltd.,NA,,,,
UCAL Ltd.,UCAL.NS,,,,
Vibhor Steel Tubes Ltd.,NA,,,,
B&B Triplewall Containers Ltd.,BBTCL.NS,,,,
Exxaro Tiles Ltd.,EXXARO.NS,,,,
IL&FS Investment Managers Ltd.,IVC.NS,,,,
Supreme Infrastructure India Ltd.,SUPREMEINF.NS,,,,
Maral Overseas Ltd.,MARALOVER.NS,,,,
Uma Exports Ltd.,UMAEXPORTS.NS,,,,
Kothari Sugars & Chemicals Ltd.,KOTARISUG.NS,,,,
Shemaroo Entertainment Ltd.,SHEMAROO.NS,,,,
KBC Global Ltd.,KBCGLOBAL.NS,,,,
Revathi Equipment India Ltd.,REVATHI.NS,,,,
Starteck Finance Ltd.,STARTECK.NS,,,,
Nitiraj Engineers Ltd.,NITIRAJ.NS,,,,
Univastu India Ltd.,UNIVASTU.NS,,,,
Power and Instrumentation (Gujarat) Ltd.,POWERINDIA.NS,,,,
Trejhara Solutions Ltd.,TREJHARA.NS,,,,
Pritika Auto Industries Ltd.,PRITIKAUTO.NS,,,,
Pansari Developers Ltd.,PANSARI.NS,,,,
Rossell India Ltd.,ROSSELLIND.NS,,,,
Jay Shree Tea & Industries Ltd.,JAYSREETEA.NS,,,,
Country Club Hospitality & Holidays Ltd.,CCHHL.NS,,,,
Ponni Sugars (Erode) Ltd.,PONNIERODE.NS,,,,
Sahyadri Industries Ltd.,SAHYADRI.NS,,,,
Surana Telecom and Power Ltd.,SURANAT&P.NS,,,,
Modi Rubber Ltd.,MODIRUBBER.NS,,,,
UFO Moviez India Ltd.,UFO.NS,,,,
KM Sugar Mills Ltd.,KMSUGAR.NS,,,,
Shiva Texyarn Ltd.,SHIVATEX.NS,,,,
Kanpur Plastipack Ltd.,KANPRPLA.NS,,,,
Sakthi Sugars Ltd.,SAKHTISUG.NS,,,,
Star Paper Mills Ltd.,STARPAPER.NS,,,,
Sigma Solve Ltd.,SIGMASOLVE.NS,,,,
Setco Automotive Ltd.,SETCO.NS,,,,
Tera Software Ltd.,TERASOFT.NS,,,,
A2Z Infra Engineering Ltd.,A2ZINFRA.NS,,,,
M K Proteins Ltd.,MKPL.NS,,,,
Coastal Corporation Ltd.,COASTCORP.NS,,,,
Dev Information Technology Ltd.,DEVIT.NS,,,,
Shreyans Industries Ltd.,SHREYANIND.NS,,,,
Integra Essentia Ltd.,NA,,,,
Zodiac Clothing Company Ltd.,ZODIACLOTH.NS,,,,
Bharat Road Network Ltd.,BRNL.NS,,,,
Worth Peripherals Ltd.,WORTH.NS,,,,
Atlantaa Ltd,ATLANTA.NS,,,,
North Eastern Carrying Corporation Ltd.,NECCLTD.NS,,,,
Bhagyanagar India Ltd.,BHAGYANGR.NS,,,,
Asian Hotels (East) Ltd.,ASIANHOTNR.NS,,,,
PPAP Automotive Ltd.,PPAP.NS,,,,
Mahalaxmi Rubtech Ltd.,NA,,,,
Digicontent Ltd.,DIGICONT.NS,,,,
Alpa Laboratories Ltd.,ALPA.NS,,,,
Global Education Ltd.,NA,,,,
Plaza Wires Ltd.,PLAZAWIRE.NS,,,,
Kritika Wires Ltd.,NA,,,,
Trigyn Technologies Ltd.,TRIGYN.NS,,,,
Megastar Foods Ltd.,NA,,,,
Virinchi Ltd.,VIRINCHI.NS,,,,
Gillanders Arbuthnot & Company Ltd.,NA,,,,
Bannari Amman Spinning Mills Ltd.,BASML.NS,,,,
Aban Offshore Ltd.,ABAN.NS,,,,
Intense Technologies Ltd.,INTENTECH.NS,,,,
Indowind Energy Ltd.,INDOWIND.NS,,,,
Nureca Ltd.,NURECA.NS,,,,
The Peria Karamalai Tea & Produce Company Ltd.,NA,,,,
Natural Capsules Ltd.,NATCAPSU.NS,,,,
NDL Ventures Ltd.,NDLVENTURE.NS,,,,
Somi Conveyor Beltings Ltd.,SOMICONVEY.NS,,,,
Universus Photo Imagings Ltd.,NA,,,,
Zee Learn Ltd.,ZEELEARN.NS,,,,
Cords Cable Industries Ltd.,CORDSCABLE.NS,,,,
Sah Polymers Ltd.,SAH.NS,,,,
Udayshivakumar Infra Ltd.,USK.NS,,,,
Rana Sugars Ltd.,RANASUG.NS,,,,
Rane Engine Valve Ltd.,RANEENGINE.NS,,,,
Veto Switchgears & Cables Ltd.,VETO.NS,,,,
Tips Films Ltd.,NA,,,,
The United Nilgiri Tea Estates Company Ltd.,UNITEDTEA.NS,,,,
Crown Lifters Ltd.,NA,,,,
Tainwala Chemicals & Plastics (India) Ltd.,TAINWALCHM.NS,,,,
Equippp Social Impact Technologies Ltd.,EQUIPPP.NS,,,,
GP Petroleums Ltd.,GPPL.NS,,,,
Murudeshwar Ceramics Ltd.,MURUDCERA.NS,,,,
Aspinwall and Company Ltd.,ASPINWALL.NS,,,,
Lagnam Spintex Ltd.,LAGNAM.NS,,,,
Sadbhav Engineering Ltd.,SADBHAV.NS,,,,
AMJ Land Holdings Ltd.,AMJLAND.NS,,,,
Bal Pharma Ltd.,BALPHARMA.NS,,,,
Kalyani Forge Ltd.,KALYANIFRG.NS,,,,
Shah Metacorp Ltd.,SHAHMETAL.NS,,,,
Dhunseri Tea & Industries Ltd.,NA,,,,
Vishwaraj Sugar Industries Ltd.,VISHWARAJ.NS,,,,
DCM Ltd.,DCM.NS,,,,
Avro India Ltd.,AVROIND.NS,,,,
Ginni Filaments Ltd.,GINNIFILA.NS,,,,
Sonam Ltd.,SONAMLTD.NS,,,,
Ducon Infratechnologies Ltd.,DUCON.NS,,,,
Omax Autos Ltd.,OMAXAUTO.NS,,,,
Lorenzini Apparels Ltd.,LORENZINI.NS,,,,
Praxis Home Retail Ltd.,PRAXIS.NS,,,,
Ruchi Infrastructure Ltd.,RUCHINFRA.NS,,,,
Keynote Financial Services Ltd.,KEYFINSERV.NS,,,,
AION-TECH Solutions Ltd.,NA,,,,
Jullundur Motor Agency (Delhi) Ltd.,JMA.NS,,,,
RS Software (India) Ltd.,RSSOFTWARE.NS,,,,
Magnum Ventures Ltd.,MAGNUM.NS,,,,
Hilton Metal Forging Ltd.,HILTON.NS,,,,
BSL Ltd.,BSL.NS,,,,
Aartech Solonics Ltd.,AARTECH.NS,,,,
Oriental Carbon & Chemicals Ltd.,ORIENTCQ.NS,,,,
Shyam Century Ferrous Ltd.,SHYAMCENT.NS,,,,
Yaari Digital Integrated Services Ltd,NA,,,,
Bafna Pharmaceuticals Ltd.,BAFNAPH.NS,,,,
RKEC Projects Ltd.,RKEC.NS,,,,
AksharChem (India) Ltd.,AKSHARCHEM.NS,,,,
Archidply Industries Ltd.,ARCHIDPLY.NS,,,,
Incredible Industries Ltd.,INCREDBL.NS,,,,
Bodhi Tree Multimedia Ltd.,NA,,,,
Atal Realtech Ltd.,ATALREAL.NS,,,,
Rajshree Polypack Ltd.,RAJSHREEPOL.NS,,,,
Sadbhav Infrastructure Project Ltd.,SADBHIN.NS,,,,
Lancor Holdings Ltd.,LANCORHOL.NS,,,,
Maheshwari Logistics Ltd.,MAHESHWARI.NS,,,,
Hindcon Chemicals Ltd.,HINDCON.NS,,,,
Times Guaranty Ltd.,TIMESGTY.NS,,,,
Weizmann Ltd.,WEIZMANIND.NS,,,,
Reliance Home Finance Ltd.,RHFL.NS,,,,
Mukta Arts Ltd.,MUKTAARTS.NS,,,,
Generic Engineering Construction and Projects Ltd.,GENCON.NS,,,,
GVP Infotech Ltd.,NA,,,,
Sikko Industries Ltd.,SIKKO.NS,,,,
Surana Solar Ltd.,SURANASOL.NS,,,,
Intrasoft Technologies Ltd.,ISFT.NS,,,,
Umang Dairies Ltd.,UMANGDAIRY.NS,,,,
Maha Rashtra Apex Corporation Ltd.,NA,,,,
IVP Ltd.,IVP.NS,,,,
Sarthak Metals Ltd.,SARTHAKMET.NS,,,,
Vaishali Pharma Ltd.,VAISHALI.NS,,,,
Emmbi Industries Ltd.,EMMBI.NS,,,,
Coral India Finance and Housing Ltd.,CORALFINAC.NS,,,,
Krebs Biochemicals & Industries Ltd.,KREBSBIO.NS,,,,
Superhouse Ltd.,SUPERHOUSE.NS,,,,
SAL Steel Ltd.,SALSTEEL.NS,,,,
Arvee Laboratories (India) Ltd.,ARVEE.NS,,,,
Aarvi Encon Ltd.,AARVI.NS,,,,
Vipul Ltd.,VIPULLTD.NS,,,,
Capital Trust Ltd.,CAPTRUST.NS,,,,
Aksh Optifibre Ltd.,AKSHOPTFBR.NS,,,,
Signet Industries Ltd.,SIGNETIND.NS,,,,
Indian Terrain Fashions Ltd.,INDTERRAIN.NS,,,,
Alphageo (India) Ltd.,ALPHAGEO.NS,,,,
Inventure Growth & Securities Ltd.,INVENTURE.NS,,,,
Steel City Securities Ltd.,STEELCITY.NS,,,,
Hindusthan National Glass & Industries Ltd.,HINDNATGLS.NS,,,,
Texmo Pipes & Products Ltd.,TEXMOPIPES.NS,,,,
Century Extrusions Ltd.,CENTEXT.NS,,,,
Ganges Securities Ltd.,GANGESSECU.NS,,,,
Prudential Sugar Corporation Ltd.,PRUDMOULI.NS,,,,
Dhruv Consultancy Services Ltd.,DHRUV.NS,,,,
Housing Development & Infrastructure Ltd.,HDIL.NS,,,,
Airo Lam Ltd.,AIROLAM.NS,,,,
Manaksia Aluminium Company Ltd.,MANAKALUCO.NS,,,,
The Western India Plywood Ltd.,WIPL.NS,,,,
The Indian Card Clothing Company Ltd.,INDIANCARD.NS,,,,
Compucom Software Ltd.,COMPUSOFT.NS,,,,
Prajay Engineers Syndicate Ltd.,PRAENG.NS,,,,
Lambodhara Textiles Ltd.,LAMBODHARA.NS,,,,
Lotus Eye Hospital and Institute Ltd.,LOTUSEYE.NS,,,,
Odigma Consultancy Solutions Ltd.,NA,,,,
Hindprakash Industries Ltd.,HINDPRAKASH.NS,,,,
Rajnandini Metal Ltd.,RAJNANDINI.NS,,,,
Delphi World Money Ltd.,NA,,,,
Rajshree Sugars & Chemicals Ltd.,RAJSREESUG.NS,,,,
Aarey Drugs & Pharmaceuticals Ltd.,AAREYDRUGS.NS,,,,
Soma Textiles & Industries Ltd.,SOMATEX.NS,,,,
Teamo Productions HQ Ltd.,NA,,,,
GTL Ltd.,GTL.NS,,,,
Tarmat Ltd.,TARMAT.NS,,,,
Kesoram Industries Ltd.,KESORAMIND.NS,,,,
Smartlink Holdings Ltd.,SMARTLINK.NS,,,,
Indbank Merchant Banking Services Ltd.,INDBANK.NS,,,,
Madhav Copper Ltd.,MCL.NS,,,,
Salona Cotspin Ltd.,SALONA.NS,,,,
Modern Threads (India) Ltd.,MODTHREAD.NS,,,,
Baid Finserv Ltd.,BAIDFIN.NS,,,,
Jocil Ltd.,JOCIL.NS,,,,
Standard Industries Ltd.,SIL.NS,,,,
BAG Films & Media Ltd.,BAGFILMS.NS,,,,
Xelpmoc Design and Tech Ltd.,XELPMOC.NS,,,,
Lovable Lingerie Ltd.,LOVABLE.NS,,,,
Accuracy Shipping Ltd.,ACCURACY.NS,,,,
Mangalam Drugs and Organics Ltd.,MANGALAM.NS,,,,
Cubex Tubings Ltd.,CUBEXTUB.NS,,,,
Palash Securities Ltd.,PALASHSECU.NS,,,,
Gayatri Projects Ltd.,GAYAPROJ.NS,,,,
Globe Textiles (India) Ltd.,GLOBE.NS,,,,
Pioneer Embroideries Ltd.,PIONEEREMB.NS,,,,
Moksh Ornaments Ltd.,MOKSH.NS,,,,
Total Transport Systems Ltd.,TOTAL.NS,,,,
Kohinoor Foods Ltd.,KOHINOOR.NS,,,,
Take Solutions Ltd.,TAKE.NS,,,,
Par Drugs & Chemicals Ltd.,PARDESI.NS,,,,
Reliance Chemotex Industries Ltd.,RELCHEMQ.NS,,,,
Goyal Aluminiums Ltd.,GOYALALUM.NS,,,,
Vaswani Industries Ltd.,VASWANI.NS,,,,
Loyal Textiles Mills Ltd.,LOYALTEX.NS,,,,
MRO-TEK Realty Ltd.,MRO-TEK.NS,,,,
Bhandari Hosiery Exports Ltd.,BHANDARI.NS,,,,
Zenith Exports Ltd.,ZENITHEXPO.NS,,,,
Fiberweb (India) Ltd.,FIBERWEB.NS,,,,
Priti International Ltd.,PRITI.NS,,,,
Tokyo Plast International Ltd.,TOKYOPLAST.NS,,,,
JHS Svendgaard Laboratories Ltd.,JHS.NS,,,,
Prakash Steelage Ltd.,PRAKASHSTL.NS,,,,
Shreeoswal Seeds and Chemicals Ltd.,OSWALSEEDS.NS,,,,
Regency Ceramics Ltd.,REGENCERAM.NS,,,,
Digidrive Distributors Ltd.,NA,,,,
Orchasp Ltd.,NA,,,,
IL&FS Transportation Networks Ltd.,IL&FSTRANS.NS,,,,
Kakatiya Cement Sugar & Industries Ltd.,KAKATCEM.NS,,,,
Hisar Metal Industries Ltd.,HISARMETAL.NS,,,,
Ausom Enterprise Ltd.,AUSOMENT.NS,,,,
Suryalakshmi Cotton Mills Ltd.,SURYALAXMI.NS,,,,
ART Nirman Ltd.,ARTNIRMAN.NS,,,,
Shah Alloys Ltd.,SHAHALLOYS.NS,,,,
Orissa Bengal Carrier Ltd.,OBCL.NS,,,,
Sampann Utpadan India Ltd.,NA,,,,
Latteys Industries Ltd.,LATTEYS.NS,,,,
Beardsell Ltd.,BEARDSELL.NS,,,,
Semac Consultants Ltd.,NA,,,,
Bharat Gears Ltd.,BHARATGEAR.NS,,,,
The Grob Tea Company Ltd.,GROBTEA.NS,,,,
Sambhaav Media Ltd.,SAMBHAAV.NS,,,,
Excel Realty N Infra Ltd.,EXCEL.NS,,,,
MITCON Consultancy & Engineering Services Ltd.,MITCON.NS,,,,
Landmark Property Development Company Ltd.,LPDC.NS,,,,
SEL Manufacturing Company Ltd.,SELMCL.NS,,,,
Ajooni Biotech Ltd.,AJOONI.NS,,,,
Motor & General Finance Ltd.,MOTOGENFIN.NS,,,,
AAA Technologies Ltd.,AAATECH.NS,,,,
TruCap Finance Ltd.,TRU.NS,,,,
Zenith Steel Pipes & Industries Ltd.,ZENITHSTL.NS,,,,
Kavveri Defence & Wireless Technologies Ltd.,KAVVERITEL.NS,,,,
Atam Valves Ltd.,ATAM.NS,,,,
HEC Infra Projects Ltd.,HECPROJECT.NS,,,,
SPL Industries Ltd.,SPLIL.NS,,,,
GSS Infotech Ltd.,GSS.NS,,,,
Patel Integrated Logistics Ltd.,PATINTLOG.NS,,,,
DB (International) Stock Brokers Ltd.,DBSTOCKBRO.NS,,,,
Future Market Networks Ltd.,FMNL.NS,,,,
Flexituff Ventures International Ltd.,FLEXITUFF.NS,,,,
Sundaram Multi Pap Ltd.,SUNDARAM.NS,,,,
Lasa Supergenerics Ltd.,LASA.NS,,,,
Silgo Retail Ltd.,SILGO.NS,,,,
Energy Development Company Ltd.,ENERGYDEV.NS,,,,
Anmol India Ltd.,ANMOL.NS,,,,
Touchwood Entertainment Ltd.,TOUCHWOOD.NS,,,,
AMD Industries Ltd.,AMDIND.NS,,,,
AGS Transact Technologies Ltd.,AGSTRA.NS,,,,
SecMark Consultancy Ltd.,SECMARK.NS,,,,
Paras Petrofils Ltd.,PARASPETRO.NS,,,,
Orient Press Ltd.,ORIENTLTD.NS,,,,
Alkali Metals Ltd.,ALKALI.NS,,,,
Cinevista Ltd.,NA,,,,
Banaras Beads Ltd.,BANARBEADS.NS,,,,
Barak Valley Cements Ltd.,BARAKV.RS,,,,
Nandani Creation Ltd.,NANDANI.NS,,,,
Ishan Dyes and Chemicals Ltd.,ISHANDYES.NS,,,,
Digjam Ltd.,DIGJAMLTD.NS,,,,
BLB Ltd.,BLBLTD.NS,,,,
Cambridge Technology Enterprises Ltd.,CTE.NS,,,,
Nagreeka Exports Ltd.,NAGREEKEXP.NS,,,,
Reliable Data Services Ltd.,RELIABLE.NS,,,,
Suvidhaa Infoserve Ltd.,SUVIDHAA.NS,,,,
Agri-Tech (India) Ltd.,AGRITECH.NS,,,,
Aakash Exploration Services Ltd.,AAKASH.NS,,,,
Shekhawati Industries Ltd.,SHEKHAWATI.NS,,,,
Banka Bioloo Ltd.,BANKA.NS,,,,
Damodar Industries Ltd.,DAMODARIND.NS,,,,
Ahlada Engineers Ltd.,AHLADA.NS,,,,
Mittal Life Style Ltd.,MITTAL.NS,,,,
Twentyfirst Century Management Services Ltd.,21STCENMGM.NS,,,,
Transwarranty Finance Ltd.,TRANSWARRANTY.NS,,,,
Ind-Swift Ltd.,INDSWFTLTD.NS,,,,
Biofil Chemicals & Pharmaceuticals Ltd.,BIOFILCHEM.NS,,,,
Aki India Ltd.,AKI.NS,,,,
Arshiya Ltd.,ARSHIYA.NS,,,,
3P Land Holdings Ltd.,3PLAND.NS,,,,
Dangee Dums Ltd.,DANGEE.NS,,,,
Securekloud Technologies Ltd.,SECUREKLOUD.NS,,,,
Celebrity Fashions Ltd.,CELEBRITY.NS,,,,
LCC Infotech Ltd.,LCCINFOTEC.NS,,,,
Godha Cabcon & Insulation Ltd.,GODHA.NS,,,,
Narmada Agrobase Ltd.,NARMADA.NS,,,,
Raj Oil Mills Ltd.,RAJOIL.NS,,,,
Ganga Forging Ltd.,GANGAFORGE.NS,,,,
Delta Manufacturing Ltd.,DELTAMAGNT.NS,,,,
Ravi Kumar Distilleries Ltd.,RKDL.NS,,,,
Oriental Trimex Ltd.,ORIENTALTL.NS,,,,
Lexus Granito (India) Ltd.,LEXUS.NS,,,,
Bang Overseas Ltd.,BANG.NS,,,,
Shiva Mills Ltd.,SHIVAMILLS.NS,,,,
Ansal Properties & Infrastructure Ltd.,ANSALAPI.NS,,,,
Golden Tobacco Ltd.,GOLDENTOBC.NS,,,,
Tarapur Transformers Ltd.,TARAPUR.NS,,,,
Agro Phos India Ltd.,AGROPHOS.NS,,,,
Malu Paper Mills Ltd.,MALUPAPER.NS,,,,
Super Spinning Mills Ltd.,SUPERSPIN.NS,,,,
Karma Energy Ltd.,KARMAENG.NS,,,,
Vinny Overseas Ltd.,VINNY.NS,,,,
HOV Services Ltd.,HOVS.NS,,,,
Noida Toll Bridge Company Ltd.,NOIDATOLL.NS,,,,
Astron Paper & Board Mill Ltd.,ASTRON.NS,,,,
Archies Ltd.,ARCHIES.NS,,,,
Palred Technologies Ltd.,PALREDTEC.NS,,,,
NRB Industrial Bearings Ltd.,NIBL.NS,,,,
Balkrishna Paper Mills Ltd.,BALKRISHNA.NS,,,,
Atlas Cycles (Haryana) Ltd.,ATLASCYCLE.NS,,,,
Cerebra Integrated Technologies Ltd.,CEREBRAINT.NS,,,,
Norben Tea & Exports Ltd.,NORBTEAEXP.NS,,,,
Diligent Media Corporation Ltd.,DILIGENT.NS,,,,
Simbhaoli Sugars Ltd.,SIMBHALS.NS,,,,
HB Stockholdings Ltd.,HBSL.NS,,,,
ICDS Ltd.,ICDSLTD.NS,,,,
Jet Freight Logistics Ltd.,JETFREIGHT.NS,,,,
Mask Investments Ltd.,MASKINVEST.NS,,,,
Manugraph India Ltd.,MANUGRAPH.NS,,,,
Nakoda Group Of Industries Ltd.,NAKODA.NS,,,,
Lakshmi Finance & Industrial Corporation Ltd.,LFIC.NS,,,,
Aro Granite Industries Ltd.,AROGRANITE.NS,,,,
Bohra Industries Ltd.,BOHRAIND.NS,,,,
Kanani Industries Ltd.,KANANIIND.NS,,,,
Sagardeep Alloys Ltd.,SAGARDEEP.NS,,,,
Adroit Infotech Ltd.,ADROITINFO.NS,,,,
Ambica Agarbathies & Aroma Industries Ltd.,AMBICAAGAR.NS,,,,
TECIL Chemicals & Hydro Power Ltd.,TECILCHEM.NS,,,,
Country Condo's Ltd.,COUNCODOS.NS,,,,
Madhucon Projects Ltd.,MADHUCON.NS,,,,
Pearl Polymers Ltd.,PEARLPOLY.NS,,,,
DSJ Keep Learning Ltd.,DSJKEEPLE.NS,,,,
ABM International Ltd.,ABMINTLTD.NS,,,,
Next Mediaworks Ltd.,NEXTMEDIA.NS,,,,
Akash Infra-Projects Ltd.,AKASH.NS,,,,
Blue Coast Hotels Ltd.,BLUECOAST.NS,,,,
Supreme Engineering Ltd.,SUPREMEENG.NS,,,,
Ashoka Metcast Ltd.,ASHOKAMET.NS,,,,
Tree House Education & Accessories Ltd.,TREEHOUSE.NS,,,,
Akshar Spintex Ltd.,AKSHAR.NS,,,,
GACM Technologies Ltd.,GACM.NS,,,,
Archidply Decor Ltd.,ARCHIDPLY.NS,,,,
Laxmi Cotspin Ltd.,LAXMICOT.NS,,,,
SITI Networks Ltd.,SITINET.NS,,,,
Khaitan (India) Ltd.,KHAITANLTD.NS,,,,
We Win Ltd.,WEWIN.NS,,,,
Pritish Nandy Communications Ltd.,PRITISHN.NS,,,,
Shrenik Ltd.,SHRENIK.NS,,,,
AKG Exim Ltd.,AKG.NS,,,,
Mohit Industries Ltd.,MOHITIND.NS,,,,
Rolta India Ltd.,ROLTA.NS,,,,
Seya Industries Ltd.,SEYAIND.NS,,,,
Blue Chip India Ltd.,BLUECHIP.NS,,,,
Tamilnadu Telecommunications Ltd.,TNTELE.NS,,,,
SVP Global Textiles Ltd.,SVPGLOB.NS,,,,
N K Industries Ltd.,NKIND.NS,,,,
Khandwala Securities Ltd.,KHANDSE.NS,,,,
Rollatainers Ltd.,ROLLT.NS,,,,
Kridhan Infra Ltd.,KRIDHANINF.NS,,,,
Madhav Marbles & Granites Ltd.,MADHAV.NS,,,,
Hybrid Financial Services Ltd.,HYBRIDFIN.NS,,,,
Nagreeka Capital & Infrastructure Ltd.,NAGREEKCAP.NS,,,,
Sri Havisha Hospitality and Infrastructure Ltd.,HAVISHA.NS,,,,
Debock Industries Ltd.,DEBOCK.NS,,,,
Binani Industries Ltd.,BINANIIND.NS,,,,
Williamson Magor & Company Ltd.,WILLAMAGOR.NS,,,,
Viji Finance Ltd.,VIJIFIN.NS,,,,
STL Global Ltd.,STLGLOBAL.NS,,,,
Infomedia Press Ltd.,NA,,,,
Gayatri Highways Ltd.,GAYAHWS.NS,,,,
Vineet Laboratories Ltd.,VINEETLAB.NS,,,,
Mahalaxmi Fabric Mills Ltd.,NA,,,,
Libas Consumer Products Ltd.,LIBAS.NS,,,,
G-Tec Jainx Education Ltd.,NA,,,,
Sanginita Chemicals Ltd.,SANGINITA.NS,,,,
Kaushalya Infrastructure Development Corpn.Ltd.,KAUSHALYA.NS,,,,
TGB Banquets and Hotels Ltd.,TGBHOTELS.NS,,,,
Goenka Diamond & Jewels Ltd.,GOENKA.NS,,,,
California Software Company Ltd.,CALSOFT.NS,,,,
Future Lifestyle Fashions Ltd.,FLFL.NS,,,,
Kshitij Polyline Ltd.,KSHITIJPOL.NS,,,,
Marshall Machines Ltd.,MARSHALL.NS,,,,
Sanwaria Consumer Ltd.,SANWARIA.NS,,,,
JHS Svendgaard Retail Ventures Ltd.,NA,,,,
Visagar Polytex Ltd.,VIVIDHA.NS,,,,
Ace Integrated Solutions Ltd.,ACEINTEG.NS,,,,
Future Enterprises Ltd.,FEL.NS,,,,
Heads UP Ventures Ltd.,HEADSUP.NS,,,,
Shree Ram Proteins Ltd.,SRPL.NS,,,,
Gujarat Raffia Industries Ltd.,GUJRAFFIA.NS,,,,
Radaan Mediaworks (I) Ltd.,RADAAN.NS,,,,
MEP Infrastructure Developers Ltd.,MEP.NS,,,,
Cyber Media (India) Ltd.,CYBERMEDIA.NS,,,,
Morarjee Textiles Ltd.,MORARJEE.NS,,,,
TV Vision Ltd.,TVVISION.NS,,,,
Lypsa Gems & Jewellery Ltd.,LYPSAGEMS.NS,,,,
Globale Tessile Ltd.,NA,,,,
Suumaya Industries Ltd.,SUULD.NS,,,,
Uniinfo Telecom Services Ltd.,UNIINFO.NS,,,,
Tijaria Polypipes Ltd.,TIJARIA.NS,,,,
Impex Ferro Tech Ltd.,IMPEXFERRO.NS,,,,
TCI Finance Ltd.,TCIFINANCE.NS,,,,
MT Educare Ltd.,MTEDUCARE.NS,,,,
Shanti Overseas (India) Ltd.,SHANTI.NS,,,,
Antarctica Ltd.,ANTGRAPHIC.NS,,,,
Usha Martin Education & Solutions Ltd.,NA,,,,
Silly Monks Entertainment Ltd.,SILLYMONKS.NS,,,,
Gujarat Lease Financing Ltd.,GUJLEASE.NS,,,,
Onelife Capital Advisors Ltd.,ONELIFECAP.NS,,,,
Shyam Telecom Ltd.,SHYAMTEL.NS,,,,
Vaxtex Cotfab Ltd.,VCL.NS,,,,
Rajdarshan Industries Ltd.,RAJESHEXPO.NS,,,,
Eurotex Industries & Exports Ltd.,EUROTEXIND.NS,,,,
Compuage Infocom Ltd.,COMPINFO.NS,,,,
Omkar Speciality Chemicals Ltd.,OMKARCHEM.NS,,,,
Creative Eye Ltd.,CREATIVEYE.NS,,,,
DCM Financial Services Ltd.,DCMFINSERV.NS,,,,
Winsome Yarns Ltd.,WINSOME.NS,,,,
Alps Industries Ltd.,ALPSINDUS.NS,,,,
Premier Ltd.,PREMIER.NS,,,,
Ortin Global Ltd.,ORTINLAB.NS,,,,
Future Supply Chain Solutions Ltd.,FSC.NS,,,,
Setubandhan Infrastructure Ltd.,SETUINFRA.NS,,,,
SAB Events & Governance Now Media Ltd.,SABEVENTS.NS,,,,
Lakshmi Precision Screws Ltd.,NA,,,,
Sanco Industries Ltd.,SANCO.NS,,,,
Cura Technologies Ltd.,CURATECH.NS,,,,
Eternal Limited,ETERNAL.NS,,,,
